id,brand,form,legible,second_reader,agreed,us_style,number_read,number_rank,accurate_listed,accurate_several,accurate_any_line,accurate_unlisted,accurate_unlisted_right,accurate_lc_listed,accurate_lc_several,accurate_lc_any_line,accurate_lc_unlisted,accurate_lc_unlisted_right,fast_listed,fast_several,fast_any_line,fast_unlisted,fast_unlisted_right
m01,TATUNG,logo_text,yes,TATUNG,yes,0,1,1,,0,0,KILOWATTHOURS,0,,0,0,KILOWATTHOURS,0,,0,0,K l L O W A T T H O U R S,0
m02,TATUNG,logo_text,yes,TATUNG,yes,0,1,1,,0,0,FDPNeRK,0,,0,0,FDPNeRK,0,,0,0,ioooo,0
m03,TATUNG,logo_text,yes,TATUNG,yes,0,1,1,,0,0,TUNG,0,,0,0,TUNG,0,,0,0,K l L O W A T T H O U R S,0
m04,TATUNG,logo_text,yes,TATUNG,yes,0,1,1,,0,0,E #$ Ht,0,,0,0,E #$ Ht,0,,0,0,. V•HzllZ,0
m05,LANDIS+GYR,text,yes,LANDIS+GYR,yes,1,1,1,LANDIS+GYR,0,1,MERALCO,0,LANDIS+GYR,0,1,MERALCO,0,LANDIS+GYR,0,1,FOCUS RXR,0
m06,LANDIS+GYR,text,partial,LANDIS+GYR,yes,1,1,1,LANDIS+GYR,0,1,MERALCO,0,LANDIS+GYR,0,1,MERALCO,0,,0,0,FOCUS RXR,0
m07,TATUNG,logo_text,yes,TATUNG,yes,0,1,2,,0,0,ROTEAKETXNANO,0,,0,0,ROTEAKETXNANO,0,,0,0,"Y'toNrA TTHOUR""S",0
m08,TATUNG,logo_text,yes,TATUNG,yes,0,1,1,,0,0,KILOVARH,0,,0,0,KILOVARH,0,,0,0,"K I L OVA R H,O",0
m09,,logo_only,no,CHUNGHSIN,no,0,1,1,,0,0,KILOWATTHOURS,0,,0,0,KILOWATTHOURS,0,,0,0,KILOWATTHOURS,0
m10,,logo_only,no,,no,0,1,1,,0,0,ADJUSTMENS,0,,0,0,ADJUSTMEN,0,,0,0,KILOWATTHOURS,0
m11,,logo_only,no,GE,no,1,1,2,,0,0,Mult by,0,,0,0,Mult by,0,,0,0,MOt.b¥-,0
m12,,logo_only,no,GE,no,0,,,,0,0,FITZALL™,0,,0,0,FITZALL™,0,,0,0,I i-Ir,0
m13,TATUNG,logo_text,yes,TATUNG,yes,0,1,1,,0,0,PTUNG,0,,0,0,TUNG,0,,0,0,K I L O WA T T H O U R S,0
m14,TATUNG,logo_text,yes,TATUNG,yes,0,1,2,,0,0,,0,,0,0,,0,,0,0,,0
m15,,logo_only,no,GE,no,1,1,1,,0,0,Mult by,0,,0,0,Mult by,0,,0,0,JJLILI,0
m16,ELSTER,text,yes,ELSTER,yes,0,1,,ELSTER,0,1,ELSTER,1,ELSTER,0,1,ELSTER,1,,0,0,CATD,0
m17,,logo_only,no,TATUNG,no,0,1,1,,0,0,RESE,0,,0,0,RESE,0,,0,0,llllllllllllMlllllllllllllllllll,0
m18,TATUNG,logo_text,yes,TATUNG,yes,0,1,1,TATUNG,0,1,EЗIEHE,0,TATUNG,0,1,A TUNG,1,,0,0,imp,0
m19,LANDIS+GYR,text,yes,LANDIS+GYR,yes,1,1,1,LANDIS+GYR,0,1,MERALCO,0,LANDIS+GYR,0,1,MERALCO,0,LANDIS+GYR,0,1,FOCUS RXR,0
m21,SEOCHANG,logo_text,yes,,yes,1,1,1,,0,1,SEOCHANG,1,,0,1,SEOCHANG,1,,0,1,SÈocHANG,1
m22,ACLARA,text,yes,ACLARA,yes,1,1,1,LANDIS+GYR,1,1,LANDIS & GYR,0,LANDIS+GYR,1,1,LANDIS & GYR,0,ACLARA,0,1,AclaraS,1
m23,ACLARA,text,yes,GE,no,1,1,2,ACLARA,0,1,NRL&P,0,ACLARA,0,1,NRL&P,0,,0,0,NEW R LIGHT & POWER,0
m25,SANGAMO,text,yes,SANGAMO,yes,1,1,1,SANGAMO,0,1,SANGAMO ELECTRIC,1,SANGAMO,0,1,SANGAMO ELECTRIC,1,SANGAMO,0,1,SANGAMO ELECTRIC,1
m26,SANGAMO,text,yes,SANGAMO,yes,0,1,1,SANGAMO,0,1,SANGAMO,1,SANGAMO,0,1,SANGAMO,1,SANGAMO,0,1,ULTxIO,0
m27,CHUNGHSIN,logo_text,yes,CHUNGHSIN,yes,0,1,1,,0,0,KILOWATTHOURS,0,,0,0,KILOWATTHOURS,0,,0,0,KILOWATTHOURS,0
m28,ITRON,text,yes,ITRON,yes,1,,,ITRON,0,1,nh MILBANK®,0,,0,0,nh MILBANK®,0,,0,0,"flAMILBANK""",0
m29,LANDIS+GYR,logo_text,yes,LANDIS+GYR,yes,1,1,1,LANDIS+GYR,0,1,Landis+ GROSTR RF,1,LANDIS+GYR,0,1,Landis+ GROSTRA RF,1,LANDIS+GYR,0,1,", FOCUS RXR-SD",0
m30,GE,logo_text,yes,CGE,yes,0,1,1,GE,0,1,CANADIAN GENERAL ELECTRIC,1,GE,0,1,CANADIAN GENERAL ELECTRIC,1,GE,0,1,CANADIAN GENERAL ELECTRIC,1
m31,GE,logo_text,yes,GE,yes,1,1,1,,0,1,NMO,0,,0,1,NOO,0,,0,1,GENERAL•EL,1
m32,ELSTER,text,yes,ELSTER,yes,1,1,,ELSTER,0,1,ELSTER,1,ELSTER,0,1,ELSTER,1,,0,0,Iiiiiiiiiiiilliiiiiiiiiilliiiiiii,0
m33,DUNCAN,text,partial,GE,no,1,1,2,,0,0,KILOWATTHOURS,0,,0,0,KILOWATTHOURS,0,,0,0,KILOWATTHOURS,0
m34,ELSTER,logo_text,yes,ELSTER,yes,1,1,5,ELSTER,0,1,STER,0,ELSTER,0,1,STER,0,,0,0,",uuiJu I",0
m35,ELSTER,logo_text,yes,ELSTER,yes,1,,,ELSTER,0,1,elster (,1,ELSTER,0,1,elster (,1,ELSTER,0,1,MUST PROBÉ,0
m36,GE,logo_text,yes,GE,yes,1,,,GE,0,1,KILOWATTHOURS,0,GE,0,1,KILOWATTHOURS,0,,0,0,,0
m37,SANGAMO,text,yes,SANGAMO,yes,0,1,1,SANGAMO,0,1,SANGAMO,1,SANGAMO,0,1,SANGAMO,1,SANGAMO,0,1,SANGAMO,1
m38,WESTINGHOUSE,text,yes,WESTINGHOUSE,yes,0,1,2,WESTINGHOUSE,0,1,Westinghouse,1,WESTINGHOUSE,0,1,Westinghouse,1,,0,0,WATTHOUR,0
m39,ITRON,logo_text,yes,ITRON,yes,1,1,1,,0,0,"OpenWay,",0,,0,0,"OpenWay,",0,,0,0,uuuiJu,0
m40,LANDIS+GYR,text,yes,LANDIS+GYR,yes,0,1,2,LANDIS+GYR,0,1,Landis+Gyr,1,LANDIS+GYR,0,1,Landis+Gyr,1,LANDIS+GYR,0,1,iLL UUUIJIJ,0
m41,SANGAMO,text,yes,SANGAMO,yes,0,,,SANGAMO,0,1,SANGAMO,1,SANGAMO,0,1,SANGAMO,1,SANGAMO,0,1,kWk,0
m42,LANDIS+GYR,text,yes,GE,no,1,1,1,LANDIS+GYR,0,1,PG&E,0,LANDIS+GYR,0,1,PG&E,0,,0,0,siif+l&'STATr)i Efftwciyr,0
m43,CHUNGHSIN,logo_text,yes,CHUNGHSIN,yes,0,1,1,,0,0,KILOWATTHOURS,0,,0,0,KILOWATTHOURS,0,,0,0,KILOWATTHOURS,0
m44,SENSUS,logo_text,yes,SENSUS,yes,0,1,2,SENSUS,0,1,FlexNet,0,SENSUS,0,1,FlexNet,0,SENSUS,0,1,Watthour Meter,0
m45,SENSUS,logo_text,yes,SENSUS,yes,0,1,1,SENSUS,0,1,sånsus,1,SENSUS,0,1,sEnsus,1,SENSUS,0,1,"u Iiiiiiiiiiiiii',",0
m46,,none,no,ACLARA,no,1,1,1,,0,0,USA,0,,0,0,USA,0,,0,0,USA,0
m47,TATUNG,logo_text,yes,TATUNG,yes,0,1,1,TATUNG,0,1,TATUNG,1,TATUNG,0,1,TATUNG,1,TATUNG,0,1,(tsTATUNG,1
m48,TATUNG,logo_text,yes,TATUNG,yes,0,1,2,,0,0,AЫSAДa EaDEş,0,,0,0,TUNG,0,,0,0,llB*=t,0
m49,TATUNG,logo_text,yes,TATUNG,yes,0,1,2,TATUNG,0,1,TATUNG,1,TATUNG,0,1,TATUNG,1,TATUNG,0,1,rtTATUNG,1
m50,TATUNG,logo_text,yes,TATUNG,yes,0,1,,TATUNG,0,1,SCROLL,0,TATUNG,0,1,SCROLL,0,TATUNG,0,1,ICROLL_,0
m51,TATUNG,logo_text,yes,TATUNG,yes,0,1,1,,0,0,AMAN,0,,0,0,AMA N,0,TATUNG,0,1,¢npnJT,0
m52,TATUNG,logo_text,yes,TATUNG,yes,0,1,1,,0,0,АRXEALAD,0,,0,0,kvarh,0,TATUNG,0,1,ni_i_-,0
m53,TATUNG,logo_text,yes,TATUNG,yes,0,1,1,,0,0,SINGLE-STATOR WATTHOUR METER,0,,0,0,SINGLE-STATOR WATTHOUR METER,0,,0,0,SINGLE-STATOR WATTHOUR METER,0
m54,,logo_only,no,TATUNG,no,0,1,1,,0,0,,0,,0,0,,0,,0,0,IllllllNllMlllll,0
m55,TATUNG,logo_text,yes,TATUNG,yes,0,1,1,,0,0,KILOWATTHOURS,0,,0,0,KILOWATTHOURS,0,,0,0,K l L O W A T T H O U R S,0
m56,GE,logo_text,yes,GE,yes,1,1,1,,0,1,GENERAL,1,,0,1,GENERAL,1,GE,0,1,GENERALQELECTRIC,1
m57,WESTINGHOUSE,logo_text,yes,WESTINGHOUSE,yes,1,1,5,WESTINGHOUSE,0,1,CITY OF LOVELAND,0,WESTINGHOUSE,0,1,ava',0,,0,0,CITY Of LOVELAIWJ,0
m58,CHUNGHSIN,logo_text,yes,,no,0,1,1,,0,0,FITZALL™,0,,0,0,FITZALL™,0,,0,0,""" DEMAND",0
m59,SIAP,logo_text,yes,,no,0,1,2,,0,1,MEDIDOR MONOFASICO,0,,0,1,MEDIDOR MONOFASICO,0,,0,1,INDUSTRIA ARGÈNTINA,0
m60,LANDIS+GYR,logo_text,yes,LANDIS+GYR,yes,0,1,1,LANDIS+GYR,0,1,+spuen,0,LANDIS+GYR,0,1,Landis+Gyr,1,LANDIS+GYR,0,1,Miiiiiiiiiiiiuiiiiii,0
m61,LANDIS+GYR,text,yes,LANDIS+GYR,yes,0,1,,LANDIS+GYR,0,1,LANDIS & GYR,1,LANDIS+GYR,0,1,LANDIS & GYR,1,LANDIS+GYR,0,1,DREHSTROMZAHLER C £ E] o,0
m62,DZG,logo_only,partial,DZG,yes,0,0,,,0,0,Kilowattstunden,0,,0,0,Kilowattstunden,0,,0,0,Kilowattstunden,0
m63,EMH,logo_text,yes,EMH,yes,0,1,1,EMH,0,1,Drehstromzähler,0,EMH,0,1,Drehstromzähler,0,EMH,0,1,uu I,0
m64,SIEMENS,text,yes,SIEMENS,yes,0,1,2,SIEMENS,0,1,E.-Nr.,0,SIEMENS,0,1,E.-Nr.,0,SIEMENS,0,1,FAG,0
m65,ISKRA,logo_text,yes,ISKRA,yes,0,1,2,ISKRA,0,1,Liefer / Bezug-Zaehler,0,ISKRA,0,1,Liefer / Bezug-Zaehler,0,,0,0,Vorarlb•rg N•,0
m66,LANDIS+GYR,logo_text,yes,LANDIS+GYR,yes,0,1,1,LANDIS+GYR,0,1,UUUI,0,LANDIS+GYR,0,1,OUDI,0,LANDIS+GYR,0,1,LET OP:,0
m67,LANDIS+GYR,text,yes,,no,0,,,LANDIS+GYR,0,1,Sté. Française LANDIS & GYR MONTLUÇON,1,LANDIS+GYR,0,1,Ste. Française LANDIS & GYR MONTLUÇON,1,LANDIS+GYR,0,1,Whltr.,0
m68,LANDIS+GYR,logo_text,yes,LANDIS+GYR,yes,0,1,1,LANDIS+GYR,0,1,LANDIS & GYR,1,LANDIS+GYR,0,1,LANDIS & GYR,1,LANDIS+GYR,0,1,O.I kWn,0
m69,LANDIS+GYR,logo_text,yes,LANDIS+GYR,yes,0,1,1,LANDIS+GYR,0,1,EWZ,0,LANDIS+GYR,0,1,EWZ,0,,0,0,IANDlS & GYR,0
m70,LANDIS+GYR,logo_text,yes,LANDIS+GYR,yes,0,1,2,LANDIS+GYR,0,1,EWZ,0,LANDIS+GYR,0,1,EWZ,0,,0,0,IANDlS & GYR,0
m71,LANDIS+GYR,logo_text,yes,,no,0,1,1,LANDIS+GYR,0,1,EWZ,0,LANDIS+GYR,0,1,EWZ,0,LANDIS+GYR,0,1,IANDIS & GYR,1
m73,LOGAREX,logo_text,yes,LOGAREX,yes,0,1,1,LOGAREX,0,1,Wechselstromzähler,0,LOGAREX,0,1,Wechselstromzähler,0,LOGAREX,0,1,°Zll] Wechselstromzahler,0
m74,MAXWELL,text,yes,,yes,0,1,1,,0,1,YAXWELL,0,,0,1,MAXWELL,1,,0,1,Static Watthour Meter,0
m75,OXFORO,text,partial,,no,0,1,1,,0,1,MADE IN GERMANY,0,,0,1,MADE IN GERMANY,0,,0,1,STAIC ENERGY METER,0
m76,FGF ELECTRICAL & ELECTRONICS LTD,logo_text,yes,,no,0,1,1,,0,1,FGF ELECTRICAL & ELECTRONICS LTD.,1,,0,1,FGF ELECTRICAL & ELECTRONICS LTD.,1,,0,0,"Sl,No.;",0
m77,SIEMENS,text,yes,SIEMENS,yes,0,1,2,SIEMENS,0,1,SIEMENS,1,SIEMENS,0,1,SIEMENS,1,SIEMENS,0,1,Wechselstromzahler,0
m78,AEG,text,yes,AEG,yes,0,1,1,AEG,0,1,JUUU,0,AEG,0,1,JUUU,0,AEG,0,1,Wechselstromzahler,0
m79,LANDIS+GYR,logo_text,yes,,no,0,1,1,LANDIS+GYR,0,1,MADE IN GT. BRITA,0,LANDIS+GYR,0,1,MADE IN GT. BRITA,0,LANDIS+GYR,0,1,LOW,0
m80,TOSHIBA,logo_text,yes,TOSHIBA,yes,0,1,,,0,0,STR/NUZ,0,,0,0,STRE/NUZ,0,,0,0,OHZ tf&,0
m81,ISKRA,logo_text,yes,ISKRA,yes,0,1,3,ISKRA,0,1,VKW,0,ISKRA,0,1,VKW,0,ISKRA,0,1,.tSSif•* t,0
m82,LANDIS+GYR,logo_text,yes,LANDIS+GYR,yes,0,0,,LANDIS+GYR,0,1,LANDIS & GYR,1,LANDIS+GYR,0,1,LANDIS & GYR,1,LANDIS+GYR,0,1,VKWPaaEII.,0
m83,SIEMENS,text,yes,SIEMENS,yes,0,,,SIEMENS,0,1,•VKW,0,SIEMENS,0,1,• VKW,0,SIEMENS,0,1,SIEMENS,1
