id,title,page_url,image_url,license,license_url,author,usable,number_sha256,number_sha256_lenient,number_len,number_agreed,class_label,class_kind,class_agreed,notes
m01,File:1979 Tatung D4S 2S watthour meter.jpg,https://commons.wikimedia.org/wiki/File:1979_Tatung_D4S_2S_watthour_meter.jpg,https://upload.wikimedia.org/wikipedia/commons/e/ed/1979_Tatung_D4S_2S_watthour_meter.jpg,CC BY-SA 3.0,https://creativecommons.org/licenses/by-sa/3.0,Solomon203,yes,d812ecbb0d03d8e7c4f63d989b77152a9b74545079658868dfcd72a5b9c28576,d812ecbb0d03d8e7c4f63d989b77152a9b74545079658868dfcd72a5b9c28576,7,yes,30(200)A,current_rating,yes,Tatung D4S; faded number print
m02,File:1991-08 Tatung TT-12 I-20T watthour meter.jpg,https://commons.wikimedia.org/wiki/File:1991-08_Tatung_TT-12_I-20T_watthour_meter.jpg,https://upload.wikimedia.org/wikipedia/commons/2/20/1991-08_Tatung_TT-12_I-20T_watthour_meter.jpg,CC BY-SA 3.0,https://creativecommons.org/licenses/by-sa/3.0,Solomon203,yes,2b529b822606e1cf1fcccaf68186d6ac7ad9a585a2802b919a0923e60d1cbeee,2b529b822606e1cf1fcccaf68186d6ac7ad9a585a2802b919a0923e60d1cbeee,8,yes,20(60)A,current_rating,yes,Tatung TT-12
m03,File:1993 Tatung D4S 2S watthour meter.jpg,https://commons.wikimedia.org/wiki/File:1993_Tatung_D4S_2S_watthour_meter.jpg,https://upload.wikimedia.org/wikipedia/commons/f/fd/1993_Tatung_D4S_2S_watthour_meter.jpg,CC BY-SA 3.0,https://creativecommons.org/licenses/by-sa/3.0,Solomon203,yes,9da1e58889b4a059a3be2a14278ee387eb916b94ea80058bac80b21fd95bc0a7,9da1e58889b4a059a3be2a14278ee387eb916b94ea80058bac80b21fd95bc0a7,8,yes,30(200)A,current_rating,yes,Tatung D4S
m04,File:1993 Tatung TT-9 D-68T watthour meter.jpg,https://commons.wikimedia.org/wiki/File:1993_Tatung_TT-9_D-68T_watthour_meter.jpg,https://upload.wikimedia.org/wikipedia/commons/f/f8/1993_Tatung_TT-9_D-68T_watthour_meter.jpg,CC BY-SA 3.0,https://creativecommons.org/licenses/by-sa/3.0,Solomon203,yes,db777b3071763bcdd9dea11d85f0c026d9cc549d9e46bf62bcdeb1f951f06aa2,db777b3071763bcdd9dea11d85f0c026d9cc549d9e46bf62bcdeb1f951f06aa2,8,yes,30(75)A,current_rating,yes,Tatung TT-9
m05,"File:0067Poblacion Baliuag, Bulacan 07.jpg","https://commons.wikimedia.org/wiki/File:0067Poblacion_Baliuag,_Bulacan_07.jpg",https://upload.wikimedia.org/wikipedia/commons/thumb/f/fa/0067Poblacion_Baliuag%2C_Bulacan_07.jpg/3840px-0067Poblacion_Baliuag%2C_Bulacan_07.jpg,CC0,http://creativecommons.org/publicdomain/zero/1.0/deed.en,Judgefloro,yes,cbd887e49a0a9b341f8d053fc5cc1417c94d6264cc3f7584a76dbb75be1e43ae,6279a44f15c0aedea0fadbf0eeb7eaa247d98fb19a419b603d883aa9b33e7db3,12,yes,CL200,ansi_class,yes,Meralco L+G Focus RXR; utility number above barcode
m06,File:1727Cuisine of Bulacan Baliuag 02.jpg,https://commons.wikimedia.org/wiki/File:1727Cuisine_of_Bulacan_Baliuag_02.jpg,https://upload.wikimedia.org/wikipedia/commons/thumb/0/0d/1727Cuisine_of_Bulacan_Baliuag_02.jpg/3840px-1727Cuisine_of_Bulacan_Baliuag_02.jpg,CC0,http://creativecommons.org/publicdomain/zero/1.0/deed.en,Judgefloro,yes,cbd887e49a0a9b341f8d053fc5cc1417c94d6264cc3f7584a76dbb75be1e43ae,6279a44f15c0aedea0fadbf0eeb7eaa247d98fb19a419b603d883aa9b33e7db3,12,yes,CL200,ansi_class,yes,same meter as m05; plate partly covered by a plate of food
m07,File:2001 Tatung D5A-2 watthour meter.jpg,https://commons.wikimedia.org/wiki/File:2001_Tatung_D5A-2_watthour_meter.jpg,https://upload.wikimedia.org/wikipedia/commons/2/28/2001_Tatung_D5A-2_watthour_meter.jpg,CC BY-SA 3.0,https://creativecommons.org/licenses/by-sa/3.0,Solomon203,yes,384604c4612d0d681ef8e151d30073e506e11c5ef2f21155c494e2bd1683084a,384604c4612d0d681ef8e151d30073e506e11c5ef2f21155c494e2bd1683084a,8,yes,30(200)A,current_rating,yes,Tatung D5A-2
m08,File:1994 Tatung D5A-2V kilovarhours meter.jpg,https://commons.wikimedia.org/wiki/File:1994_Tatung_D5A-2V_kilovarhours_meter.jpg,https://upload.wikimedia.org/wikipedia/commons/b/b7/1994_Tatung_D5A-2V_kilovarhours_meter.jpg,CC BY-SA 4.0,https://creativecommons.org/licenses/by-sa/4.0,Solomon203,yes,8725b03a64d9bdd96dc7e600a4bfc2d0d40a99baf3eb3c4fa4da1c748ad330a3,8725b03a64d9bdd96dc7e600a4bfc2d0d40a99baf3eb3c4fa4da1c748ad330a3,8,yes,30(200)A,current_rating,yes,Tatung D5A-2V varhour
m09,File:1995 Chunghsin I-70-S watthour meter.jpg,https://commons.wikimedia.org/wiki/File:1995_Chunghsin_I-70-S_watthour_meter.jpg,https://upload.wikimedia.org/wikipedia/commons/2/2f/1995_Chunghsin_I-70-S_watthour_meter.jpg,CC BY-SA 3.0,https://creativecommons.org/licenses/by-sa/3.0,Solomon203,yes,9e048be6adaf09f15ee06a7d8d16ab3faee21d7630767cbbaa2b5e8d524a0459,9e048be6adaf09f15ee06a7d8d16ab3faee21d7630767cbbaa2b5e8d524a0459,8,yes,30(200)A,current_rating,yes,Chunghsin I-70-S
m10,File:2002 Chunghsin V-X3A watthour meter.jpg,https://commons.wikimedia.org/wiki/File:2002_Chunghsin_V-X3A_watthour_meter.jpg,https://upload.wikimedia.org/wikipedia/commons/3/3c/2002_Chunghsin_V-X3A_watthour_meter.jpg,CC BY-SA 3.0,https://creativecommons.org/licenses/by-sa/3.0,Solomon203,yes,d21151c02e76da5e75c70233f3e0aa54ca5a16923059707558dc7e33349b596e,d21151c02e76da5e75c70233f3e0aa54ca5a16923059707558dc7e33349b596e,8,yes,15(100)A,current_rating,yes,Taiwan V-X3A; number on dark plate
m11,File:2003 Chunghsin kV2c electronic watthour meter.jpg,https://commons.wikimedia.org/wiki/File:2003_Chunghsin_kV2c_electronic_watthour_meter.jpg,https://upload.wikimedia.org/wikipedia/commons/1/18/2003_Chunghsin_kV2c_electronic_watthour_meter.jpg,CC BY-SA 3.0,https://creativecommons.org/licenses/by-sa/3.0,Solomon203,yes,9aefb88ea9a181be7d5b744c1c521ad9c0c69212f27a230944f6c96097959a53,9aefb88ea9a181be7d5b744c1c521ad9c0c69212f27a230944f6c96097959a53,8,yes,CL 200,ansi_class,yes,GE kV2c; LCD also shows the number; dirty face
m12,File:2009 Chunghsin kV2c electronic watthour meter.jpg,https://commons.wikimedia.org/wiki/File:2009_Chunghsin_kV2c_electronic_watthour_meter.jpg,https://upload.wikimedia.org/wikipedia/commons/3/3a/2009_Chunghsin_kV2c_electronic_watthour_meter.jpg,CC BY-SA 3.0,https://creativecommons.org/licenses/by-sa/3.0,Solomon203,yes,d0e72adece02bd942378eea9324c04a2cee78de61c9f3d2f238e81b1ed851f0a,d0e72adece02bd942378eea9324c04a2cee78de61c9f3d2f238e81b1ed851f0a,8,no,2.5A(10A),current_rating,no,GE kV2c FITZALL; glare right of number
m13,File:2002 Tatung D4S 2S watthour meter.jpg,https://commons.wikimedia.org/wiki/File:2002_Tatung_D4S_2S_watthour_meter.jpg,https://upload.wikimedia.org/wikipedia/commons/c/cf/2002_Tatung_D4S_2S_watthour_meter.jpg,CC BY-SA 3.0,https://creativecommons.org/licenses/by-sa/3.0,Solomon203,yes,dbd64ada7fefaa0ea96e528134010b942099858a474e56a6954d3efb55581ce0,dbd64ada7fefaa0ea96e528134010b942099858a474e56a6954d3efb55581ce0,8,yes,30(200)A,current_rating,yes,Tatung D4S; number on dark plate
m14,File:2007 Tatung I-20T watthour meter.jpg,https://commons.wikimedia.org/wiki/File:2007_Tatung_I-20T_watthour_meter.jpg,https://upload.wikimedia.org/wikipedia/commons/8/8c/2007_Tatung_I-20T_watthour_meter.jpg,CC BY-SA 3.0,https://creativecommons.org/licenses/by-sa/3.0,Solomon203,yes,625b27db46755dda5d84a6c4f6a9542cd80c50f7bdcb782e9fa855ee5f6a8059,625b27db46755dda5d84a6c4f6a9542cd80c50f7bdcb782e9fa855ee5f6a8059,8,yes,20(60)A,current_rating,yes,Tatung I-20T; oblique view
m15,File:2010 Chunghsin kV2c electronic watthour meter.jpg,https://commons.wikimedia.org/wiki/File:2010_Chunghsin_kV2c_electronic_watthour_meter.jpg,https://upload.wikimedia.org/wikipedia/commons/b/b7/2010_Chunghsin_kV2c_electronic_watthour_meter.jpg,CC BY-SA 3.0,https://creativecommons.org/licenses/by-sa/3.0,Solomon203,yes,6a1899cb2dafd0673a2701203d811a4b7d2ea7b43d54bd62d2fe957cf52c0a1a,6a1899cb2dafd0673a2701203d811a4b7d2ea7b43d54bd62d2fe957cf52c0a1a,8,yes,CL200,ansi_class,yes,GE kV2c
m16,File:2007 Okt HH 355 k.JPG,https://commons.wikimedia.org/wiki/File:2007_Okt_HH_355_k.JPG,https://upload.wikimedia.org/wikipedia/commons/c/c0/2007_Okt_HH_355_k.JPG,Public domain,,Benutzer:Harry20. Original uploader was Harry20 at de.wikipedia,yes,75ca3524fab48dfe4ec89e6b732d3d1d614059c628d66749908e93c7c83ab7e7,75ca3524fab48dfe4ec89e6b732d3d1d614059c628d66749908e93c7c83ab7e7,8,yes,2-200 AMP,current_rating,yes,Elster AB1 (Canada); barcode text confirms both numbers
m17,File:2010 Tatung RXS4e electronic watthour meter.jpg,https://commons.wikimedia.org/wiki/File:2010_Tatung_RXS4e_electronic_watthour_meter.jpg,https://upload.wikimedia.org/wikipedia/commons/2/2c/2010_Tatung_RXS4e_electronic_watthour_meter.jpg,CC BY-SA 3.0,https://creativecommons.org/licenses/by-sa/3.0,Solomon203,yes,b38f85dd3e25e36fbf1528f22a593d163787340cdff26895cbc8948a7998e760,b38f85dd3e25e36fbf1528f22a593d163787340cdff26895cbc8948a7998e760,8,yes,30(100)A,current_rating,yes,Tatung electronic FM16A
m18,File:2010 Tatung E-21 watthour meter.jpg,https://commons.wikimedia.org/wiki/File:2010_Tatung_E-21_watthour_meter.jpg,https://upload.wikimedia.org/wikipedia/commons/f/ff/2010_Tatung_E-21_watthour_meter.jpg,CC BY-SA 3.0,https://creativecommons.org/licenses/by-sa/3.0,Solomon203,yes,db551bf85302140aa27bef89491c035b8e729fd3c76c1bf0c16758fb4e96d920,db551bf85302140aa27bef89491c035b8e729fd3c76c1bf0c16758fb4e96d920,8,yes,10(50)A,current_rating,yes,Tatung E-21
m19,File:5379Baliuag Bulacan Landmarks during the 2020 coronavirus pandemic 35.jpg,https://commons.wikimedia.org/wiki/File:5379Baliuag_Bulacan_Landmarks_during_the_2020_coronavirus_pandemic_35.jpg,https://upload.wikimedia.org/wikipedia/commons/thumb/2/20/5379Baliuag_Bulacan_Landmarks_during_the_2020_coronavirus_pandemic_35.jpg/3840px-5379Baliuag_Bulacan_Landmarks_during_the_2020_coronavirus_pandemic_35.jpg,CC0,http://creativecommons.org/publicdomain/zero/1.0/deed.en,Judgefloro,yes,cbd887e49a0a9b341f8d053fc5cc1417c94d6264cc3f7584a76dbb75be1e43ae,6279a44f15c0aedea0fadbf0eeb7eaa247d98fb19a419b603d883aa9b33e7db3,12,yes,CL200,ansi_class,yes,same meter as m05
m20,"File:9865Poblacion Bustos, Bulacan 41.jpg","https://commons.wikimedia.org/wiki/File:9865Poblacion_Bustos,_Bulacan_41.jpg",https://upload.wikimedia.org/wikipedia/commons/thumb/9/97/9865Poblacion_Bustos%2C_Bulacan_41.jpg/3840px-9865Poblacion_Bustos%2C_Bulacan_41.jpg,CC0,http://creativecommons.org/publicdomain/zero/1.0/deed.en,Judgefloro,no: several meters in one frame; not a single-meter close-up,,,,,,,,several meters in one frame; not a single-meter close-up
m21,"File:9865Poblacion Bustos, Bulacan 42.jpg","https://commons.wikimedia.org/wiki/File:9865Poblacion_Bustos,_Bulacan_42.jpg",https://upload.wikimedia.org/wikipedia/commons/thumb/5/58/9865Poblacion_Bustos%2C_Bulacan_42.jpg/3840px-9865Poblacion_Bustos%2C_Bulacan_42.jpg,CC0,http://creativecommons.org/publicdomain/zero/1.0/deed.en,Judgefloro,yes,b2dd88399ca289658cbef701614e0a6cce89ab6800cfbff6fc0cd1e3de55d6c1,b2dd88399ca289658cbef701614e0a6cce89ab6800cfbff6fc0cd1e3de55d6c1,12,yes,CL200,ansi_class,yes,Meralco Seochang SCS1321; neighbour meters at frame edge
m22,File:Aclara I-210+ single phase smart electricity meter.jpg,https://commons.wikimedia.org/wiki/File:Aclara_I-210%2B_single_phase_smart_electricity_meter.jpg,https://upload.wikimedia.org/wikipedia/commons/thumb/b/b4/Aclara_I-210%2B_single_phase_smart_electricity_meter.jpg/3840px-Aclara_I-210%2B_single_phase_smart_electricity_meter.jpg,CC BY-SA 4.0,https://creativecommons.org/licenses/by-sa/4.0,277volts,yes,d707fbf31f1ba58c743969b869a44cd937b7344a96c1b6c17bf7734d84428a91,d707fbf31f1ba58c743969b869a44cd937b7344a96c1b6c17bf7734d84428a91,8,yes,CL 200,ansi_class,yes,Aclara I-210+ (US co-op)
m23,File:Aclara kV2c FITZALL 3-phase smart electricity meter.jpg,https://commons.wikimedia.org/wiki/File:Aclara_kV2c_FITZALL_3-phase_smart_electricity_meter.jpg,https://upload.wikimedia.org/wikipedia/commons/thumb/b/b7/Aclara_kV2c_FITZALL_3-phase_smart_electricity_meter.jpg/3840px-Aclara_kV2c_FITZALL_3-phase_smart_electricity_meter.jpg,CC BY-SA 4.0,https://creativecommons.org/licenses/by-sa/4.0,277volts,yes,33b0ec22b59e52d2fbb8c594f43d8bc712b5d6826ab8c5e2c4064c8d102240a9,33b0ec22b59e52d2fbb8c594f43d8bc712b5d6826ab8c5e2c4064c8d102240a9,8,yes,CL 200,ansi_class,yes,GE I-210 style (US municipal); sunlit
m24,File:CFE electric power meters 2016.jpg,https://commons.wikimedia.org/wiki/File:CFE_electric_power_meters_2016.jpg,https://upload.wikimedia.org/wikipedia/commons/thumb/5/50/CFE_electric_power_meters_2016.jpg/3840px-CFE_electric_power_meters_2016.jpg,CC BY-SA 4.0,https://creativecommons.org/licenses/by-sa/4.0,Cvmontuy,no: three meters in one frame,,,,,,,,three meters in one frame
m25,File:Close up shot of an US electrical meter 000 0027.JPG,https://commons.wikimedia.org/wiki/File:Close_up_shot_of_an_US_electrical_meter_000_0027.JPG,https://upload.wikimedia.org/wikipedia/commons/d/d7/Close_up_shot_of_an_US_electrical_meter_000_0027.JPG,Public domain,,,yes,94b4e2ccc3ee6ea3ce2bb5d5f35425a448cbcec74688d984fb9efaba5e52f3b7,94b4e2ccc3ee6ea3ce2bb5d5f35425a448cbcec74688d984fb9efaba5e52f3b7,4,yes,CL200,ansi_class,yes,Sangamo J4S (US); 6975 is the utility plate; # the maker serial
m26,File:Compteur HQ.JPG,https://commons.wikimedia.org/wiki/File:Compteur_HQ.JPG,https://upload.wikimedia.org/wikipedia/commons/5/55/Compteur_HQ.JPG,CC BY-SA 3.0,https://creativecommons.org/licenses/by-sa/3.0,Bouchecl,yes,fe2876b292dc5e08ca1fb5e4f852edfb45eda72a80820aab572bb4308a393ca3,fe2876b292dc5e08ca1fb5e4f852edfb45eda72a80820aab572bb4308a393ca3,11,yes,2-200 AMP,current_rating,yes,Sangamo K2S Hydro-Quebec
m27,File:Chunghsin I-70-S watthour meter 20190518.jpg,https://commons.wikimedia.org/wiki/File:Chunghsin_I-70-S_watthour_meter_20190518.jpg,https://upload.wikimedia.org/wikipedia/commons/7/75/Chunghsin_I-70-S_watthour_meter_20190518.jpg,CC BY-SA 4.0,https://creativecommons.org/licenses/by-sa/4.0,Solomon203,yes,6ad96d38311f97aa69a4ee6407f916b95b4ba364511c1e3c5809f0602943e841,6ad96d38311f97aa69a4ee6407f916b95b4ba364511c1e3c5809f0602943e841,8,yes,30(200)A,current_rating,yes,Chunghsin I-70-S
m28,File:DWP meter.jpg,https://commons.wikimedia.org/wiki/File:DWP_meter.jpg,https://upload.wikimedia.org/wikipedia/commons/thumb/9/96/DWP_meter.jpg/3840px-DWP_meter.jpg,CC BY-SA 3.0,https://creativecommons.org/licenses/by-sa/3.0,Downtowngal,yes,3c6db36924fac335b1902cdd239f61b924145b2173c4072dbfb958ebd19cdb7c,3c6db36924fac335b1902cdd239f61b924145b2173c4072dbfb958ebd19cdb7c,10,no,CL200,ansi_class,yes,Itron (Los Angeles DWP); meter is a small part of frame
m29,File:Electric Meter.jpg,https://commons.wikimedia.org/wiki/File:Electric_Meter.jpg,https://upload.wikimedia.org/wikipedia/commons/b/bc/Electric_Meter.jpg,CC BY-SA 3.0,https://creativecommons.org/licenses/by-sa/3.0,Angelsharum,yes,daf3175411ec75597f1a41a6325f6e09786e7282998ea9d856a650c504e57712,daf3175411ec75597f1a41a6325f6e09786e7282998ea9d856a650c504e57712,9,yes,CL200,ansi_class,yes,L+G Focus RXR-SD (US co-op); low resolution; barcode text too small
m30,File:Electric meter.jpg,https://commons.wikimedia.org/wiki/File:Electric_meter.jpg,https://upload.wikimedia.org/wikipedia/commons/0/04/Electric_meter.jpg,CC BY-SA 3.0,https://creativecommons.org/licenses/by-sa/3.0,NellieBly,yes,85f19306a5983b6cd45e0ca3637a85c24e910271f79af2715cc7b66e202b3366,85f19306a5983b6cd45e0ca3637a85c24e910271f79af2715cc7b66e202b3366,9,yes,2-200 AMP,current_rating,yes,CGE I-70S (Canada)
m31,File:Electrical meter.jpg,https://commons.wikimedia.org/wiki/File:Electrical_meter.jpg,https://upload.wikimedia.org/wikipedia/commons/d/d4/Electrical_meter.jpg,Public domain,,,yes,2f8db0c25a4786f152ad7bc4ab03596e96a4612c07e841d513a76e5c33f16567,2f8db0c25a4786f152ad7bc4ab03596e96a4612c07e841d513a76e5c33f16567,6,yes,CL 200,ansi_class,yes,GE I-60-S PG&E plate
m32,File:Electricity meter.JPG,https://commons.wikimedia.org/wiki/File:Electricity_meter.JPG,https://upload.wikimedia.org/wikipedia/commons/thumb/2/24/Electricity_meter.JPG/3840px-Electricity_meter.JPG,CC0,http://creativecommons.org/publicdomain/zero/1.0/deed.en,Editor abcdef,yes,b701b994331e7090d85bae72f41111ac750b75651ff524dd64b0aec9d199d8b2,b701b994331e7090d85bae72f41111ac750b75651ff524dd64b0aec9d199d8b2,8,yes,200 CL,ansi_class,yes,Elster AB1 (US); camera date stamp in frame
m33,File:Electricity Meter Closeup.jpg,https://commons.wikimedia.org/wiki/File:Electricity_Meter_Closeup.jpg,https://upload.wikimedia.org/wikipedia/commons/a/a6/Electricity_Meter_Closeup.jpg,CC BY-SA 4.0,https://creativecommons.org/licenses/by-sa/4.0,LordShadowWing,yes,7896b80fec49da6fa430ab1eb6427aaf41f5877692a2cbc43ae8ec1f940fb964,7896b80fec49da6fa430ab1eb6427aaf41f5877692a2cbc43ae8ec1f940fb964,5,yes,200 CL,ansi_class,yes,GE (US); # on utility brass plate; # maker serial
m34,File:Elster Type R15 electricity meter.jpeg,https://commons.wikimedia.org/wiki/File:Elster_Type_R15_electricity_meter.jpeg,https://upload.wikimedia.org/wikipedia/commons/7/7a/Elster_Type_R15_electricity_meter.jpeg,CC BY-SA 3.0,https://creativecommons.org/licenses/by-sa/3.0,Zuzu,yes,0c15d866c50ec35202bfd5f6389ba80783c240524802bb23ee82412119174c03,0c15d866c50ec35202bfd5f6389ba80783c240524802bb23ee82412119174c03,5,yes,CL200,ansi_class,yes,Elster R1S Borough of Lansdale; which number the utility uses is unclear
m35,File:Elster A3RAL electricity meter.jpg,https://commons.wikimedia.org/wiki/File:Elster_A3RAL_electricity_meter.jpg,https://upload.wikimedia.org/wikipedia/commons/thumb/4/4e/Elster_A3RAL_electricity_meter.jpg/3840px-Elster_A3RAL_electricity_meter.jpg,CC BY-SA 4.0,https://creativecommons.org/licenses/by-sa/4.0,277volts,yes,,,,,CL20,ansi_class,yes,Elster A3RAL; number covered by a sticker
m36,File:GE Watthour Meter.JPG,https://commons.wikimedia.org/wiki/File:GE_Watthour_Meter.JPG,https://upload.wikimedia.org/wikipedia/commons/8/85/GE_Watthour_Meter.JPG,CC BY 2.0,https://creativecommons.org/licenses/by/2.0,The original uploader was Empoor at Dutch Wikipedia.,yes,,,,,CL 200,ansi_class,yes,GE I-70 (Baltimore); oblique; number off frame; CL and 200 on separate plates
m37,File:Hydro quebec meter.JPG,https://commons.wikimedia.org/wiki/File:Hydro_quebec_meter.JPG,https://upload.wikimedia.org/wikipedia/commons/b/b9/Hydro_quebec_meter.JPG,CC BY-SA 3.0,https://creativecommons.org/licenses/by-sa/3.0,Kristoferb (talk),yes,7e20da436d9dd9b2fe7a4d8e49d70bb8a7233455d65ecd83ecc5291001c97459,7e20da436d9dd9b2fe7a4d8e49d70bb8a7233455d65ecd83ecc5291001c97459,11,yes,0.1-10 AMP,current_rating,yes,Sangamo K2A Hydro-Quebec
m38,File:House Meter - Flickr - Brian in Cleveland.jpg,https://commons.wikimedia.org/wiki/File:House_Meter_-_Flickr_-_Brian_in_Cleveland.jpg,https://upload.wikimedia.org/wikipedia/commons/6/60/House_Meter_-_Flickr_-_Brian_in_Cleveland.jpg,CC BY 2.0,https://creativecommons.org/licenses/by/2.0,"Brian Cassidy from Cleveland, OH, USA",yes,dd2ebd9ab40ce6fa9f73aa01e0eb0fe3560586b11926466ebf5e011579dfec89,dd2ebd9ab40ce6fa9f73aa01e0eb0fe3560586b11926466ebf5e011579dfec89,5,yes,,,,Westinghouse DS (US); no class printed; # on utility plate
m39,File:Itron OpenWay Electricity Meter with Two-Way Communications.JPG,https://commons.wikimedia.org/wiki/File:Itron_OpenWay_Electricity_Meter_with_Two-Way_Communications.JPG,https://upload.wikimedia.org/wikipedia/commons/1/13/Itron_OpenWay_Electricity_Meter_with_Two-Way_Communications.JPG,CC BY 3.0,https://creativecommons.org/licenses/by/3.0,Dwight Burdette,yes,70e5e150cb232f695c9ad747f8043d06c86c07ffb9070a3e2e7b53d14a6a2e6e,70e5e150cb232f695c9ad747f8043d06c86c07ffb9070a3e2e7b53d14a6a2e6e,9,yes,CL200,ansi_class,yes,Itron OpenWay DTE (US)
m40,File:Landis+Gyr FocusAXR-SD Hydro-Quebec.JPG,https://commons.wikimedia.org/wiki/File:Landis%2BGyr_FocusAXR-SD_Hydro-Quebec.JPG,https://upload.wikimedia.org/wikipedia/commons/d/d1/Landis%2BGyr_FocusAXR-SD_Hydro-Quebec.JPG,CC BY-SA 4.0,https://creativecommons.org/licenses/by-sa/4.0,Bouchecl,yes,81155b0cbe82a779f5f7274021885d7c36c11c8600f7db6f05dd6e46f23c43f5,81155b0cbe82a779f5f7274021885d7c36c11c8600f7db6f05dd6e46f23c43f5,11,yes,2-200A,current_rating,yes,L+G Focus AXR-SD Hydro-Quebec
m41,File:Kwh meter (252835649).jpg,https://commons.wikimedia.org/wiki/File:Kwh_meter_(252835649).jpg,https://upload.wikimedia.org/wikipedia/commons/e/eb/Kwh_meter_%28252835649%29.jpg,CC BY 2.0,https://creativecommons.org/licenses/by/2.0,"Robbie Sproule from Montreal, Canada",yes,23873cdb90f35fdc3f88ac969db9376e0c91b8ded21b8caca879f1c8edffb1ef,23873cdb90f35fdc3f88ac969db9376e0c91b8ded21b8caca879f1c8edffb1ef,8,no,2-100 AMP,current_rating,no,Sangamo CJ3S Hydro-Quebec; stamped utility plate; letters HS and spacing uncertain
m42,File:PG&E Meter on Angel Island.jpg,https://commons.wikimedia.org/wiki/File:PG%26E_Meter_on_Angel_Island.jpg,https://upload.wikimedia.org/wikipedia/commons/5/54/PG%26E_Meter_on_Angel_Island.jpg,CC BY 2.0,https://creativecommons.org/licenses/by/2.0,Кevin,yes,64a409aebbb09ce0b9837c9fb8b514d1473c967df889cf971f515f59eb919ac5,64a409aebbb09ce0b9837c9fb8b514d1473c967df889cf971f515f59eb919ac5,6,yes,CL 200,ansi_class,yes,GE/Mexico MX; small in frame; sunlit
m43,File:P 20200715 153903 vHDR On.jpg,https://commons.wikimedia.org/wiki/File:P_20200715_153903_vHDR_On.jpg,https://upload.wikimedia.org/wikipedia/commons/d/d7/P_20200715_153903_vHDR_On.jpg,CC BY-SA 4.0,https://creativecommons.org/licenses/by-sa/4.0,Jidanni,yes,4fb0cbac94492eff17ebbcc2656aab4233a296e83426e04feb946930b387444d,4fb0cbac94492eff17ebbcc2656aab4233a296e83426e04feb946930b387444d,8,yes,30(200)A,current_rating,yes,Chunghsin I-70-S; reflections on glass
m44,File:PowerStreamMeter.jpg,https://commons.wikimedia.org/wiki/File:PowerStreamMeter.jpg,https://upload.wikimedia.org/wikipedia/commons/6/6b/PowerStreamMeter.jpg,CC0,http://creativecommons.org/publicdomain/zero/1.0/deed.en,Raysonho @ Open Grid Scheduler / Grid Engine,yes,5175333a0d1195f566a388b7c5c27a2322642121ff49eedc9d87dbed281f70d3,5175333a0d1195f566a388b7c5c27a2322642121ff49eedc9d87dbed281f70d3,10,yes,1-200A,current_rating,no,Sensus iCon PowerStream (Canada)
m45,File:PowerStreamMeter4.jpg,https://commons.wikimedia.org/wiki/File:PowerStreamMeter4.jpg,https://upload.wikimedia.org/wikipedia/commons/thumb/a/a0/PowerStreamMeter4.jpg/3840px-PowerStreamMeter4.jpg,CC0,http://creativecommons.org/publicdomain/zero/1.0/deed.en,Raysonho @ Open Grid Scheduler / Grid Engine,yes,0b33b4d62db422e2f87f8626e8617745c83a72412cdba4987c5bef2c10920bcd,0b33b4d62db422e2f87f8626e8617745c83a72412cdba4987c5bef2c10920bcd,10,yes,1-200A,current_rating,no,Sensus iCon PowerStream (Canada)
m46,File:Smart Meter (10945291434).jpg,https://commons.wikimedia.org/wiki/File:Smart_Meter_(10945291434).jpg,https://upload.wikimedia.org/wikipedia/commons/9/9a/Smart_Meter_%2810945291434%29.jpg,Public domain,,National Institute of Standards and Technology,yes,ca131f74aea55db69036c9e164d07060cf90521ca8a3f4471d3a5701dfac153b,ca131f74aea55db69036c9e164d07060cf90521ca8a3f4471d3a5701dfac153b,8,yes,CL 200,ansi_class,yes,Aclara I-210+cn (US)
m47,File:Tatung E-31 watthour meter 20160702.jpg,https://commons.wikimedia.org/wiki/File:Tatung_E-31_watthour_meter_20160702.jpg,https://upload.wikimedia.org/wikipedia/commons/d/df/Tatung_E-31_watthour_meter_20160702.jpg,CC BY-SA 4.0,https://creativecommons.org/licenses/by-sa/4.0,Solomon203,yes,2438dd00c2ec94adeee4d2d95c8a9a29d4fcca76e520fd8b07ea77280b75c4ed,2438dd00c2ec94adeee4d2d95c8a9a29d4fcca76e520fd8b07ea77280b75c4ed,8,yes,10(60)A,current_rating,yes,Tatung E-31
m48,File:Tatung M-21T 20190216.jpg,https://commons.wikimedia.org/wiki/File:Tatung_M-21T_20190216.jpg,https://upload.wikimedia.org/wikipedia/commons/a/aa/Tatung_M-21T_20190216.jpg,CC BY-SA 4.0,https://creativecommons.org/licenses/by-sa/4.0,Solomon203,yes,d5738e5af35a34ba27ff944ea30f3d241265923ba08eeb156aa5095ba50be2c5,d5738e5af35a34ba27ff944ea30f3d241265923ba08eeb156aa5095ba50be2c5,8,yes,10(30)A,current_rating,yes,Tatung M-21T
m49,File:Tatung E-31 watthour meter 20190324.jpg,https://commons.wikimedia.org/wiki/File:Tatung_E-31_watthour_meter_20190324.jpg,https://upload.wikimedia.org/wikipedia/commons/0/01/Tatung_E-31_watthour_meter_20190324.jpg,CC BY-SA 4.0,https://creativecommons.org/licenses/by-sa/4.0,Solomon203,yes,0ce543e1da7be0af898cf83f38f05c7a06fab6b3a1884618f25b419f8657e1b3,0ce543e1da7be0af898cf83f38f05c7a06fab6b3a1884618f25b419f8657e1b3,8,yes,10(60)A,current_rating,yes,Tatung E-31
m50,File:Tatung TT-001 20200409.jpg,https://commons.wikimedia.org/wiki/File:Tatung_TT-001_20200409.jpg,https://upload.wikimedia.org/wikipedia/commons/f/fb/Tatung_TT-001_20200409.jpg,CC BY-SA 4.0,https://creativecommons.org/licenses/by-sa/4.0,Solomon203,yes,dc8747eea98d5392b07797b9ad2fc05c8c4e4fc1d25431ae63d02b5d80dcf071,dc8747eea98d5392b07797b9ad2fc05c8c4e4fc1d25431ae63d02b5d80dcf071,8,yes,30(120)A,current_rating,yes,Tatung TT-001 smart; utility number on lower sticker
m51,File:Tatung TT-001 20210314.jpg,https://commons.wikimedia.org/wiki/File:Tatung_TT-001_20210314.jpg,https://upload.wikimedia.org/wikipedia/commons/2/24/Tatung_TT-001_20210314.jpg,CC BY-SA 4.0,https://creativecommons.org/licenses/by-sa/4.0,Solomon203,yes,f36d2a4dc80ec56cdb48e75746c6c4f29abf0fe6c3c0903c96fb3437362962b2,f36d2a4dc80ec56cdb48e75746c6c4f29abf0fe6c3c0903c96fb3437362962b2,10,yes,30(120)A,current_rating,yes,Tatung TT-001 smart
m52,File:Tatung TT-001 20210605.jpg,https://commons.wikimedia.org/wiki/File:Tatung_TT-001_20210605.jpg,https://upload.wikimedia.org/wikipedia/commons/7/7f/Tatung_TT-001_20210605.jpg,CC BY-SA 4.0,https://creativecommons.org/licenses/by-sa/4.0,Solomon203,yes,89a9b181641c44d6a155ff5b52f56de2efe47abd4a2949de1a4e5e08da61c87a,89a9b181641c44d6a155ff5b52f56de2efe47abd4a2949de1a4e5e08da61c87a,10,yes,30(120)A,current_rating,yes,Tatung TT-001 smart
m53,File:Tatung D4S 2S watthour meter at Jiufen Old Street 20091229.jpg,https://commons.wikimedia.org/wiki/File:Tatung_D4S_2S_watthour_meter_at_Jiufen_Old_Street_20091229.jpg,https://upload.wikimedia.org/wikipedia/commons/9/92/Tatung_D4S_2S_watthour_meter_at_Jiufen_Old_Street_20091229.jpg,CC BY 2.0,https://creativecommons.org/licenses/by/2.0,takuma mori,yes,f50093081eda4b6aac894bf38aea58f64a4102c78d45cd48a3c50a3ced0103ac,f50093081eda4b6aac894bf38aea58f64a4102c78d45cd48a3c50a3ced0103ac,8,yes,30(200)A,current_rating,yes,Tatung D4S; second meter at edge; handwritten number on box
m54,File:Tatung RXS4e 20230527.jpg,https://commons.wikimedia.org/wiki/File:Tatung_RXS4e_20230527.jpg,https://upload.wikimedia.org/wikipedia/commons/4/45/Tatung_RXS4e_20230527.jpg,CC BY-SA 4.0,https://creativecommons.org/licenses/by-sa/4.0,Solomon203,yes,68c6fe975d5ff847d7da02127f92b3140eee56b961630dd9e79641a34f9082d2,68c6fe975d5ff847d7da02127f92b3140eee56b961630dd9e79641a34f9082d2,8,yes,30(100)A,current_rating,yes,Tatung electronic FM16A
m55,File:Tatung D4S 2S at Treasure Hill 20141025.jpg,https://commons.wikimedia.org/wiki/File:Tatung_D4S_2S_at_Treasure_Hill_20141025.jpg,https://upload.wikimedia.org/wikipedia/commons/thumb/f/f7/Tatung_D4S_2S_at_Treasure_Hill_20141025.jpg/3840px-Tatung_D4S_2S_at_Treasure_Hill_20141025.jpg,CC BY 2.0,https://creativecommons.org/licenses/by/2.0,加蛋不加價,yes,7bfeb36638b5b39997b6ca7d1eef6fa21bcfd0c3f4637b97251d62ae899b4b2e,7bfeb36638b5b39997b6ca7d1eef6fa21bcfd0c3f4637b97251d62ae899b4b2e,8,yes,30(200)A,current_rating,yes,Tatung D4S; faded; glare
m56,File:Wattmeter USA.JPG,https://commons.wikimedia.org/wiki/File:Wattmeter_USA.JPG,https://upload.wikimedia.org/wikipedia/commons/e/ed/Wattmeter_USA.JPG,Public domain,,user:Stilfehler,yes,018701e5b75f5c6888ea5e08bc51926abce9df70b4ca84eb187bfb386680dbaf,018701e5b75f5c6888ea5e08bc51926abce9df70b4ca84eb187bfb386680dbaf,8,yes,CL200,ansi_class,yes,GE I-70-S (US); last 0 of CL200 in glare
m57,File:Yipwm 1b (7691592010).jpg,https://commons.wikimedia.org/wiki/File:Yipwm_1b_(7691592010).jpg,https://upload.wikimedia.org/wikipedia/commons/6/69/Yipwm_1b_%287691592010%29.jpg,CC BY-SA 2.0,https://creativecommons.org/licenses/by-sa/2.0,"Greg Goebel from Loveland CO, USA",yes,a64d6c4a6f2e9da8afc6d437f7495b96b7a65518e92a79e9631c04d08b67104c,a64d6c4a6f2e9da8afc6d437f7495b96b7a65518e92a79e9631c04d08b67104c,5,yes,200 CL,ansi_class,yes,Westinghouse D5S City of Loveland (US); low resolution
m58,File:中興 kV2c 20150905.jpg,https://commons.wikimedia.org/wiki/File:%E4%B8%AD%E8%88%88_kV2c_20150905.jpg,https://upload.wikimedia.org/wikipedia/commons/9/92/%E4%B8%AD%E8%88%88_kV2c_20150905.jpg,CC BY-SA 4.0,https://creativecommons.org/licenses/by-sa/4.0,Honmingjun,yes,7ad33f54547efdf23938f5211acfc3200d88f3924ec36ba96769233eb09a9b18,7ad33f54547efdf23938f5211acfc3200d88f3924ec36ba96769233eb09a9b18,8,yes,2.5A(10A),current_rating,no,Taiwan FM10A; strong glare on LCD and lower plate
m59,File:Argentinian electricity meter.jpg,https://commons.wikimedia.org/wiki/File:Argentinian_electricity_meter.jpg,https://upload.wikimedia.org/wikipedia/commons/8/8a/Argentinian_electricity_meter.jpg,CC BY-SA 4.0,https://creativecommons.org/licenses/by-sa/4.0,Yorenuncio,yes,69924fae4d49932fead36542cd3db3122b6297fe215f60bd803685761007179b,69924fae4d49932fead36542cd3db3122b6297fe215f60bd803685761007179b,6,yes,5(40)A,current_rating,yes,Argentine E80L2/1; faint print
m60,File:Contador-kilovatio-hora.jpg,https://commons.wikimedia.org/wiki/File:Contador-kilovatio-hora.jpg,https://upload.wikimedia.org/wikipedia/commons/9/9d/Contador-kilovatio-hora.jpg,CC BY-SA 4.0,https://creativecommons.org/licenses/by-sa/4.0,Carlos P.,yes,6d61e891775b419671dc7202861feaaf50fe33b68c08d52b12090edde80e4166,6d61e891775b419671dc7202861feaaf50fe33b68c08d52b12090edde80e4166,8,yes,"0,5-10(60)A",current_rating,yes,L+G Iberdrola (Spain); letters in barcode text doubtful
m61,File:Drehstromzähler l&g hochkant.jpg,https://commons.wikimedia.org/wiki/File:Drehstromz%C3%A4hler_l%26g_hochkant.jpg,https://upload.wikimedia.org/wikipedia/commons/1/1d/Drehstromz%C3%A4hler_l%26g_hochkant.jpg,CC BY-SA 3.0,http://creativecommons.org/licenses/by-sa/3.0/,Harry20 at German Wikipedia,yes,ada829bd5984e91d19733de1f6d55d083f228592acfc6f2e7826461457a67fdb,ada829bd5984e91d19733de1f6d55d083f228592acfc6f2e7826461457a67fdb,8,yes,10(60) A,current_rating,yes,Landis & Gyr MM2600J (Germany); utility plate under glare
m62,File:Drehstromzaehler-Obernjesa.jpg,https://commons.wikimedia.org/wiki/File:Drehstromzaehler-Obernjesa.jpg,https://upload.wikimedia.org/wikipedia/commons/1/13/Drehstromzaehler-Obernjesa.jpg,CC0,http://creativecommons.org/publicdomain/zero/1.0/deed.en,Werner Harbig,yes,c525a7288d73a93e4893fe942c83199e7e1b3f75a8dec9fbdaeaa80e09368da7,c525a7288d73a93e4893fe942c83199e7e1b3f75a8dec9fbdaeaa80e09368da7,7,yes,10(40),current_rating,no,DZG DV6N4 (Germany); rating split into boxes 10(40) and A
m63,File:Drehstromzähler elektronisch.JPG,https://commons.wikimedia.org/wiki/File:Drehstromz%C3%A4hler_elektronisch.JPG,https://upload.wikimedia.org/wikipedia/commons/a/ae/Drehstromz%C3%A4hler_elektronisch.JPG,CC BY-SA 4.0,https://creativecommons.org/licenses/by-sa/4.0,Bicycle Tourer,yes,6f7e3edd2b87dc7655cf669741089ba55d883956e37813ba17ff31fe0ca47669,6f7e3edd2b87dc7655cf669741089ba55d883956e37813ba17ff31fe0ca47669,14,yes,"0,25-5(60) A",current_rating,yes,EMH ED300S (Germany)
m64,File:Drehstromzähler Siemens.JPG,https://commons.wikimedia.org/wiki/File:Drehstromz%C3%A4hler_Siemens.JPG,https://upload.wikimedia.org/wikipedia/commons/9/90/Drehstromz%C3%A4hler_Siemens.JPG,CC BY-SA 4.0,https://creativecommons.org/licenses/by-sa/4.0,Bicycle Tourer,yes,2e967e936529efd449fe5d16fb3854dfa2422e182e8c56877f453380f1d3a6e3,2e967e936529efd449fe5d16fb3854dfa2422e182e8c56877f453380f1d3a6e3,6,yes,10(60)A,current_rating,yes,Siemens 7CA44 HEAG (Germany); utility E.-Nr.; maker Nr. faint
m65,File:Dornbirn-electric sub-distributor photovoltaic 2-meter-02ASD.jpg,https://commons.wikimedia.org/wiki/File:Dornbirn-electric_sub-distributor_photovoltaic_2-meter-02ASD.jpg,https://upload.wikimedia.org/wikipedia/commons/5/56/Dornbirn-electric_sub-distributor_photovoltaic_2-meter-02ASD.jpg,CC BY-SA 4.0,https://creativecommons.org/licenses/by-sa/4.0,Asurnipal,yes,4b097b40cda613076647ebeb78710504cfb784942971b31cc0385ea0339d5ee5,4b097b40cda613076647ebeb78710504cfb784942971b31cc0385ea0339d5ee5,6,yes,"0,25-5(60) A",current_rating,yes,Iskra MT174 Vorarlberg Netz (Austria)
m66,File:E350 slimme elektriciteitsmeter.jpg,https://commons.wikimedia.org/wiki/File:E350_slimme_elektriciteitsmeter.jpg,https://upload.wikimedia.org/wikipedia/commons/c/c7/E350_slimme_elektriciteitsmeter.jpg,CC BY-SA 4.0,https://creativecommons.org/licenses/by-sa/4.0,Wimton,yes,37306bb0ef4f8fd140632591f0c4cc8705e6bd746aea2ef3ced9c3b08f7c6ed9,37306bb0ef4f8fd140632591f0c4cc8705e6bd746aea2ef3ced9c3b08f7c6ed9,17,yes,"0,25-5(80) A",current_rating,no,L+G E350 (Netherlands); rating print small
m67,File:Electricity meter type L7C2.jpg,https://commons.wikimedia.org/wiki/File:Electricity_meter_type_L7C2.jpg,https://upload.wikimedia.org/wikipedia/commons/8/83/Electricity_meter_type_L7C2.jpg,CC BY-SA 3.0,https://creativecommons.org/licenses/by-sa/3.0,Echtner,yes,f4686545d0f1832cf9b7519be9559eb6eafb0dd5394b04eda5e6c5ce8202f594,f4686545d0f1832cf9b7519be9559eb6eafb0dd5394b04eda5e6c5ce8202f594,6,no,10-30,current_rating,no,French L7C2; low resolution; second digit 0 vs 8 doubtful
m68,File:Landis & Gyr 2 rate electromechanical meter. Type YL11d.JPG,https://commons.wikimedia.org/wiki/File:Landis_%26_Gyr_2_rate_electromechanical_meter._Type_YL11d.JPG,https://upload.wikimedia.org/wikipedia/commons/d/d2/Landis_%26_Gyr_2_rate_electromechanical_meter._Type_YL11d.JPG,CC BY-SA 3.0,https://creativecommons.org/licenses/by-sa/3.0,RODALCO,yes,254bbea508fa319de8a4850aee2180547cc989ace30983ff0d1095a58805b4d4,254bbea508fa319de8a4850aee2180547cc989ace30983ff0d1095a58805b4d4,8,yes,3x25,current_rating,no,Landis & Gyr YL11d (UK)
m69,File:Landis+Gyr Zähler.jpg,https://commons.wikimedia.org/wiki/File:Landis%2BGyr_Z%C3%A4hler.jpg,https://upload.wikimedia.org/wikipedia/commons/4/49/Landis%2BGyr_Z%C3%A4hler.jpg,CC BY-SA 4.0,https://creativecommons.org/licenses/by-sa/4.0,Paebi,yes,89f9b84a57901ec1c930b17c50fc382b819f3d7ac92b01cd2cfada23da61362f,89f9b84a57901ec1c930b17c50fc382b819f3d7ac92b01cd2cfada23da61362f,9,yes,10(40),current_rating,no,Landis & Gyr HK4d EWZ (Switzerland); maker No. faint
m70,File:Landis&Gyr Zähler 1992.jpg,https://commons.wikimedia.org/wiki/File:Landis%26Gyr_Z%C3%A4hler_1992.jpg,https://upload.wikimedia.org/wikipedia/commons/3/3c/Landis%26Gyr_Z%C3%A4hler_1992.jpg,CC BY-SA 4.0,https://creativecommons.org/licenses/by-sa/4.0,Paebi,yes,19571c1106a56afdb8cd90c5b0600404f55da37341d5ded8ac67c7f81cf6b912,19571c1106a56afdb8cd90c5b0600404f55da37341d5ded8ac67c7f81cf6b912,9,yes,10(40) A,current_rating,yes,Landis & Gyr MK4d EWZ (Switzerland)
m71,File:Landis&Gyr Zähler 1966.jpg,https://commons.wikimedia.org/wiki/File:Landis%26Gyr_Z%C3%A4hler_1966.jpg,https://upload.wikimedia.org/wikipedia/commons/9/9b/Landis%26Gyr_Z%C3%A4hler_1966.jpg,CC BY-SA 4.0,https://creativecommons.org/licenses/by-sa/4.0,Paebi,yes,ba719fb29cf9c7a432725d9b21083087ab11d6c4942c7415c7bd8ec2484015f5,ba719fb29cf9c7a432725d9b21083087ab11d6c4942c7415c7bd8ec2484015f5,6,yes,10(40),current_rating,no,EWZ plate (Switzerland); prefix letters cut by crop
m72,File:Meteran Listrik PLN Analog.jpg,https://commons.wikimedia.org/wiki/File:Meteran_Listrik_PLN_Analog.jpg,https://upload.wikimedia.org/wikipedia/commons/c/c9/Meteran_Listrik_PLN_Analog.jpg,CC BY-SA 4.0,https://creativecommons.org/licenses/by-sa/4.0,SATELITBM,no: label shows a customer's name and address; excluded for privacy,,,,,,,,label shows a customer's name and address; excluded for privacy
m73,File:Logarex smart household electricity meter build year 2023.jpg,https://commons.wikimedia.org/wiki/File:Logarex_smart_household_electricity_meter_build_year_2023.jpg,https://upload.wikimedia.org/wikipedia/commons/1/1d/Logarex_smart_household_electricity_meter_build_year_2023.jpg,CC BY 4.0,https://creativecommons.org/licenses/by/4.0,RobbieIanMorrison,yes,ba5190752fde5d7badbc5df6df05091c87b35eb77c21e8c04a5066225782a685,d55612c12a0aaddf7f92055b7f5ab6025189bffe72a6b10fdc0509a1c07127fb,14,yes,"0,25-5(60)A",current_rating,yes,Logarex (Germany)
m74,File:Static watthour meter.jpg,https://commons.wikimedia.org/wiki/File:Static_watthour_meter.jpg,https://upload.wikimedia.org/wikipedia/commons/2/24/Static_watthour_meter.jpg,Public domain,,Neon at Malayalam Wikipedia,yes,e901312ec37a31bd8b8bcd722e00c1d4d3e6c1be1444785c426d04eac0cada44,e901312ec37a31bd8b8bcd722e00c1d4d3e6c1be1444785c426d04eac0cada44,6,yes,5-20 A,current_rating,yes,Maxwell RS-14 (India)
m75,File:Static Energy Meter GBT17215-2002.jpg,https://commons.wikimedia.org/wiki/File:Static_Energy_Meter_GBT17215-2002.jpg,https://upload.wikimedia.org/wikipedia/commons/f/f4/Static_Energy_Meter_GBT17215-2002.jpg,CC BY-SA 4.0,https://creativecommons.org/licenses/by-sa/4.0,Sokoteshab,yes,d8c3b7e9cd3b235e3da7e106b95dec6ec3a8a43d09316f5d904f3f27151babeb,d8c3b7e9cd3b235e3da7e106b95dec6ec3a8a43d09316f5d904f3f27151babeb,10,yes,10(40)A,current_rating,yes,Oxford DDS8111; dot-matrix number
m76,File:Smart card prepaid electric meter.jpg,https://commons.wikimedia.org/wiki/File:Smart_card_prepaid_electric_meter.jpg,https://upload.wikimedia.org/wikipedia/commons/e/e6/Smart_card_prepaid_electric_meter.jpg,CC BY-SA 4.0,https://creativecommons.org/licenses/by-sa/4.0,MD MIM YT,yes,ca0d8b173225c28556cbc295baa8d4fffe7cb3a2a4585e5a6a4d53d1070432b2,ca0d8b173225c28556cbc295baa8d4fffe7cb3a2a4585e5a6a4d53d1070432b2,6,yes,10(60)A,current_rating,yes,FGF DEM-03 (Bangladesh)
m77,File:Siemens household electricity meter electromechanical induction type.jpg,https://commons.wikimedia.org/wiki/File:Siemens_household_electricity_meter_electromechanical_induction_type.jpg,https://upload.wikimedia.org/wikipedia/commons/8/87/Siemens_household_electricity_meter_electromechanical_induction_type.jpg,CC BY 4.0,https://creativecommons.org/licenses/by/4.0,RobbieIanMorrison,yes,9bf6813936b2a9adbad7fb0fcd2c6a035e79a1a4966ecefb7e5c85e78b3420f8,9bf6813936b2a9adbad7fb0fcd2c6a035e79a1a4966ecefb7e5c85e78b3420f8,7,yes,10(60) A,current_rating,yes,Siemens 7AA50 BEWAG (Germany)
m78,File:Stromzaehler-01 hg.jpg,https://commons.wikimedia.org/wiki/File:Stromzaehler-01_hg.jpg,https://upload.wikimedia.org/wikipedia/commons/thumb/8/87/Stromzaehler-01_hg.jpg/3840px-Stromzaehler-01_hg.jpg,CC BY-SA 4.0,https://creativecommons.org/licenses/by-sa/4.0,Hannes Grobe,yes,eff391b2d40cafa17d3a931ee9c25d82369ac28a5e73ca57be230c015e3e86ed,eff391b2d40cafa17d3a931ee9c25d82369ac28a5e73ca57be230c015e3e86ed,8,yes,10 (30) A,current_rating,yes,AEG J14H (Germany)
m79,File:The South Eastern Electricity Board electricity meter.jpg,https://commons.wikimedia.org/wiki/File:The_South_Eastern_Electricity_Board_electricity_meter.jpg,https://upload.wikimedia.org/wikipedia/commons/c/c2/The_South_Eastern_Electricity_Board_electricity_meter.jpg,CC0,http://creativecommons.org/publicdomain/zero/1.0/deed.en,Andy Li,yes,31070c8bf30a04a0a31b650f2509cc3282c69e61bfa6aba78c1c69418ef63d93,b249ebea15d96a6ae9419c1a235f6ba15458dc9edbc57dfc775b6692b125d5a2,8,yes,20-80 A,current_rating,yes,SEEBOARD (UK); CL 147dh is a type code
m80,File:Toshiba Toko Meter Systems SmaMeII-TypeH smart meter.jpg,https://commons.wikimedia.org/wiki/File:Toshiba_Toko_Meter_Systems_SmaMeII-TypeH_smart_meter.jpg,https://upload.wikimedia.org/wikipedia/commons/6/6d/Toshiba_Toko_Meter_Systems_SmaMeII-TypeH_smart_meter.jpg,CC BY 4.0,https://creativecommons.org/licenses/by/4.0,Darklanlan,yes,50f377f18eef24ccdd63dcd011369002301298abaab834fefa1339580c3a857e,50f377f18eef24ccdd63dcd011369002301298abaab834fefa1339580c3a857e,10,yes,60A,current_rating,yes,Toshiba S43S-TA (Japan); small image
m81,File:Vorarlberger Kraftwerke-Energy meter (electro)-05ASD.jpg,https://commons.wikimedia.org/wiki/File:Vorarlberger_Kraftwerke-Energy_meter_(electro)-05ASD.jpg,https://upload.wikimedia.org/wikipedia/commons/4/47/Vorarlberger_Kraftwerke-Energy_meter_%28electro%29-05ASD.jpg,CC BY-SA 4.0,https://creativecommons.org/licenses/by-sa/4.0,Asurnipal,yes,24be340afbeed9abb72cfdec437809eeef1b9e4d1ed821a5b3b1a190e62bd9f7,24be340afbeed9abb72cfdec437809eeef1b9e4d1ed821a5b3b1a190e62bd9f7,9,yes,10 (60) A,current_rating,yes,Iskra E72FD-02 VKW (Austria)
m82,File:Vorarlberger Kraftwerke-Energy meter (electro)-07ASD.jpg,https://commons.wikimedia.org/wiki/File:Vorarlberger_Kraftwerke-Energy_meter_(electro)-07ASD.jpg,https://upload.wikimedia.org/wikipedia/commons/e/e3/Vorarlberger_Kraftwerke-Energy_meter_%28electro%29-07ASD.jpg,CC BY-SA 4.0,https://creativecommons.org/licenses/by-sa/4.0,Asurnipal,yes,79b3c2a281b01defc899b20d5490c5da1ea2d7ac0bc9e3e13ea7b6f8c30c3f46,79b3c2a281b01defc899b20d5490c5da1ea2d7ac0bc9e3e13ea7b6f8c30c3f46,9,yes,10(40) A,current_rating,yes,Landis & Gyr CL146df3 VKW (Austria); CL146df3 is a type code
m83,File:Vorarlberger Kraftwerke-Energy meter (electro)-09ASD crop.jpg,https://commons.wikimedia.org/wiki/File:Vorarlberger_Kraftwerke-Energy_meter_(electro)-09ASD_crop.jpg,https://upload.wikimedia.org/wikipedia/commons/b/b7/Vorarlberger_Kraftwerke-Energy_meter_%28electro%29-09ASD_crop.jpg,CC BY-SA 4.0,https://creativecommons.org/licenses/by-sa/4.0,Asurnipal,yes,39c7ed6d8a112e84b88172103937ecd7365197a994aa80dd1074835612166b12,39c7ed6d8a112e84b88172103937ecd7365197a994aa80dd1074835612166b12,9,no,10(60)A,current_rating,yes,Siemens 7CJ50 VKW (Austria); utility plate very faint; all six digits doubtful
