image_id,source_url,license,author
cmp_b0001,https://cmp.felk.cvut.cz/~tylecr1/facade/CMP_facade_DB_base.zip,CC BY-SA 3.0,"R. Tylecek, R. Sara, CMP Prague (collected from various sources)"
cmp_b0002,https://cmp.felk.cvut.cz/~tylecr1/facade/CMP_facade_DB_base.zip,CC BY-SA 3.0,"R. Tylecek, R. Sara, CMP Prague (collected from various sources)"
cmp_b0003,https://cmp.felk.cvut.cz/~tylecr1/facade/CMP_facade_DB_base.zip,CC BY-SA 3.0,"R. Tylecek, R. Sara, CMP Prague (collected from various sources)"
cmp_b0004,https://cmp.felk.cvut.cz/~tylecr1/facade/CMP_facade_DB_base.zip,CC BY-SA 3.0,"R. Tylecek, R. Sara, CMP Prague (collected from various sources)"
cmp_b0005,https://cmp.felk.cvut.cz/~tylecr1/facade/CMP_facade_DB_base.zip,CC BY-SA 3.0,"R. Tylecek, R. Sara, CMP Prague (collected from various sources)"
cmp_b0006,https://cmp.felk.cvut.cz/~tylecr1/facade/CMP_facade_DB_base.zip,CC BY-SA 3.0,"R. Tylecek, R. Sara, CMP Prague (collected from various sources)"
cmp_b0007,https://cmp.felk.cvut.cz/~tylecr1/facade/CMP_facade_DB_base.zip,CC BY-SA 3.0,"R. Tylecek, R. Sara, CMP Prague (collected from various sources)"
cmp_b0008,https://cmp.felk.cvut.cz/~tylecr1/facade/CMP_facade_DB_base.zip,CC BY-SA 3.0,"R. Tylecek, R. Sara, CMP Prague (collected from various sources)"
cmp_b0009,https://cmp.felk.cvut.cz/~tylecr1/facade/CMP_facade_DB_base.zip,CC BY-SA 3.0,"R. Tylecek, R. Sara, CMP Prague (collected from various sources)"
cmp_b0010,https://cmp.felk.cvut.cz/~tylecr1/facade/CMP_facade_DB_base.zip,CC BY-SA 3.0,"R. Tylecek, R. Sara, CMP Prague (collected from various sources)"
cmp_b0011,https://cmp.felk.cvut.cz/~tylecr1/facade/CMP_facade_DB_base.zip,CC BY-SA 3.0,"R. Tylecek, R. Sara, CMP Prague (collected from various sources)"
cmp_b0012,https://cmp.felk.cvut.cz/~tylecr1/facade/CMP_facade_DB_base.zip,CC BY-SA 3.0,"R. Tylecek, R. Sara, CMP Prague (collected from various sources)"
cmp_b0013,https://cmp.felk.cvut.cz/~tylecr1/facade/CMP_facade_DB_base.zip,CC BY-SA 3.0,"R. Tylecek, R. Sara, CMP Prague (collected from various sources)"
cmp_b0014,https://cmp.felk.cvut.cz/~tylecr1/facade/CMP_facade_DB_base.zip,CC BY-SA 3.0,"R. Tylecek, R. Sara, CMP Prague (collected from various sources)"
cmp_b0015,https://cmp.felk.cvut.cz/~tylecr1/facade/CMP_facade_DB_base.zip,CC BY-SA 3.0,"R. Tylecek, R. Sara, CMP Prague (collected from various sources)"
cmp_b0016,https://cmp.felk.cvut.cz/~tylecr1/facade/CMP_facade_DB_base.zip,CC BY-SA 3.0,"R. Tylecek, R. Sara, CMP Prague (collected from various sources)"
cmp_b0017,https://cmp.felk.cvut.cz/~tylecr1/facade/CMP_facade_DB_base.zip,CC BY-SA 3.0,"R. Tylecek, R. Sara, CMP Prague (collected from various sources)"
cmp_b0018,https://cmp.felk.cvut.cz/~tylecr1/facade/CMP_facade_DB_base.zip,CC BY-SA 3.0,"R. Tylecek, R. Sara, CMP Prague (collected from various sources)"
cmp_b0019,https://cmp.felk.cvut.cz/~tylecr1/facade/CMP_facade_DB_base.zip,CC BY-SA 3.0,"R. Tylecek, R. Sara, CMP Prague (collected from various sources)"
cmp_b0020,https://cmp.felk.cvut.cz/~tylecr1/facade/CMP_facade_DB_base.zip,CC BY-SA 3.0,"R. Tylecek, R. Sara, CMP Prague (collected from various sources)"
cmp_b0021,https://cmp.felk.cvut.cz/~tylecr1/facade/CMP_facade_DB_base.zip,CC BY-SA 3.0,"R. Tylecek, R. Sara, CMP Prague (collected from various sources)"
cmp_b0022,https://cmp.felk.cvut.cz/~tylecr1/facade/CMP_facade_DB_base.zip,CC BY-SA 3.0,"R. Tylecek, R. Sara, CMP Prague (collected from various sources)"
cmp_b0023,https://cmp.felk.cvut.cz/~tylecr1/facade/CMP_facade_DB_base.zip,CC BY-SA 3.0,"R. Tylecek, R. Sara, CMP Prague (collected from various sources)"
cmp_b0024,https://cmp.felk.cvut.cz/~tylecr1/facade/CMP_facade_DB_base.zip,CC BY-SA 3.0,"R. Tylecek, R. Sara, CMP Prague (collected from various sources)"
cmp_b0025,https://cmp.felk.cvut.cz/~tylecr1/facade/CMP_facade_DB_base.zip,CC BY-SA 3.0,"R. Tylecek, R. Sara, CMP Prague (collected from various sources)"
cmp_b0026,https://cmp.felk.cvut.cz/~tylecr1/facade/CMP_facade_DB_base.zip,CC BY-SA 3.0,"R. Tylecek, R. Sara, CMP Prague (collected from various sources)"
cmp_b0027,https://cmp.felk.cvut.cz/~tylecr1/facade/CMP_facade_DB_base.zip,CC BY-SA 3.0,"R. Tylecek, R. Sara, CMP Prague (collected from various sources)"
cmp_b0028,https://cmp.felk.cvut.cz/~tylecr1/facade/CMP_facade_DB_base.zip,CC BY-SA 3.0,"R. Tylecek, R. Sara, CMP Prague (collected from various sources)"
cmp_b0029,https://cmp.felk.cvut.cz/~tylecr1/facade/CMP_facade_DB_base.zip,CC BY-SA 3.0,"R. Tylecek, R. Sara, CMP Prague (collected from various sources)"
cmp_b0030,https://cmp.felk.cvut.cz/~tylecr1/facade/CMP_facade_DB_base.zip,CC BY-SA 3.0,"R. Tylecek, R. Sara, CMP Prague (collected from various sources)"
cmp_b0031,https://cmp.felk.cvut.cz/~tylecr1/facade/CMP_facade_DB_base.zip,CC BY-SA 3.0,"R. Tylecek, R. Sara, CMP Prague (collected from various sources)"
cmp_b0032,https://cmp.felk.cvut.cz/~tylecr1/facade/CMP_facade_DB_base.zip,CC BY-SA 3.0,"R. Tylecek, R. Sara, CMP Prague (collected from various sources)"
cmp_b0033,https://cmp.felk.cvut.cz/~tylecr1/facade/CMP_facade_DB_base.zip,CC BY-SA 3.0,"R. Tylecek, R. Sara, CMP Prague (collected from various sources)"
cmp_b0034,https://cmp.felk.cvut.cz/~tylecr1/facade/CMP_facade_DB_base.zip,CC BY-SA 3.0,"R. Tylecek, R. Sara, CMP Prague (collected from various sources)"
cmp_b0035,https://cmp.felk.cvut.cz/~tylecr1/facade/CMP_facade_DB_base.zip,CC BY-SA 3.0,"R. Tylecek, R. Sara, CMP Prague (collected from various sources)"
cmp_b0036,https://cmp.felk.cvut.cz/~tylecr1/facade/CMP_facade_DB_base.zip,CC BY-SA 3.0,"R. Tylecek, R. Sara, CMP Prague (collected from various sources)"
cmp_b0037,https://cmp.felk.cvut.cz/~tylecr1/facade/CMP_facade_DB_base.zip,CC BY-SA 3.0,"R. Tylecek, R. Sara, CMP Prague (collected from various sources)"
cmp_b0038,https://cmp.felk.cvut.cz/~tylecr1/facade/CMP_facade_DB_base.zip,CC BY-SA 3.0,"R. Tylecek, R. Sara, CMP Prague (collected from various sources)"
cmp_b0039,https://cmp.felk.cvut.cz/~tylecr1/facade/CMP_facade_DB_base.zip,CC BY-SA 3.0,"R. Tylecek, R. Sara, CMP Prague (collected from various sources)"
cmp_b0040,https://cmp.felk.cvut.cz/~tylecr1/facade/CMP_facade_DB_base.zip,CC BY-SA 3.0,"R. Tylecek, R. Sara, CMP Prague (collected from various sources)"
cmp_b0041,https://cmp.felk.cvut.cz/~tylecr1/facade/CMP_facade_DB_base.zip,CC BY-SA 3.0,"R. Tylecek, R. Sara, CMP Prague (collected from various sources)"
cmp_b0042,https://cmp.felk.cvut.cz/~tylecr1/facade/CMP_facade_DB_base.zip,CC BY-SA 3.0,"R. Tylecek, R. Sara, CMP Prague (collected from various sources)"
cmp_b0043,https://cmp.felk.cvut.cz/~tylecr1/facade/CMP_facade_DB_base.zip,CC BY-SA 3.0,"R. Tylecek, R. Sara, CMP Prague (collected from various sources)"
cmp_b0044,https://cmp.felk.cvut.cz/~tylecr1/facade/CMP_facade_DB_base.zip,CC BY-SA 3.0,"R. Tylecek, R. Sara, CMP Prague (collected from various sources)"
cmp_b0045,https://cmp.felk.cvut.cz/~tylecr1/facade/CMP_facade_DB_base.zip,CC BY-SA 3.0,"R. Tylecek, R. Sara, CMP Prague (collected from various sources)"
cmp_b0046,https://cmp.felk.cvut.cz/~tylecr1/facade/CMP_facade_DB_base.zip,CC BY-SA 3.0,"R. Tylecek, R. Sara, CMP Prague (collected from various sources)"
cmp_b0047,https://cmp.felk.cvut.cz/~tylecr1/facade/CMP_facade_DB_base.zip,CC BY-SA 3.0,"R. Tylecek, R. Sara, CMP Prague (collected from various sources)"
cmp_b0048,https://cmp.felk.cvut.cz/~tylecr1/facade/CMP_facade_DB_base.zip,CC BY-SA 3.0,"R. Tylecek, R. Sara, CMP Prague (collected from various sources)"
cmp_b0049,https://cmp.felk.cvut.cz/~tylecr1/facade/CMP_facade_DB_base.zip,CC BY-SA 3.0,"R. Tylecek, R. Sara, CMP Prague (collected from various sources)"
cmp_b0050,https://cmp.felk.cvut.cz/~tylecr1/facade/CMP_facade_DB_base.zip,CC BY-SA 3.0,"R. Tylecek, R. Sara, CMP Prague (collected from various sources)"
cmp_b0051,https://cmp.felk.cvut.cz/~tylecr1/facade/CMP_facade_DB_base.zip,CC BY-SA 3.0,"R. Tylecek, R. Sara, CMP Prague (collected from various sources)"
cmp_b0052,https://cmp.felk.cvut.cz/~tylecr1/facade/CMP_facade_DB_base.zip,CC BY-SA 3.0,"R. Tylecek, R. Sara, CMP Prague (collected from various sources)"
cmp_b0053,https://cmp.felk.cvut.cz/~tylecr1/facade/CMP_facade_DB_base.zip,CC BY-SA 3.0,"R. Tylecek, R. Sara, CMP Prague (collected from various sources)"
cmp_b0054,https://cmp.felk.cvut.cz/~tylecr1/facade/CMP_facade_DB_base.zip,CC BY-SA 3.0,"R. Tylecek, R. Sara, CMP Prague (collected from various sources)"
cmp_b0055,https://cmp.felk.cvut.cz/~tylecr1/facade/CMP_facade_DB_base.zip,CC BY-SA 3.0,"R. Tylecek, R. Sara, CMP Prague (collected from various sources)"
cmp_b0056,https://cmp.felk.cvut.cz/~tylecr1/facade/CMP_facade_DB_base.zip,CC BY-SA 3.0,"R. Tylecek, R. Sara, CMP Prague (collected from various sources)"
cmp_b0057,https://cmp.felk.cvut.cz/~tylecr1/facade/CMP_facade_DB_base.zip,CC BY-SA 3.0,"R. Tylecek, R. Sara, CMP Prague (collected from various sources)"
cmp_b0058,https://cmp.felk.cvut.cz/~tylecr1/facade/CMP_facade_DB_base.zip,CC BY-SA 3.0,"R. Tylecek, R. Sara, CMP Prague (collected from various sources)"
cmp_b0059,https://cmp.felk.cvut.cz/~tylecr1/facade/CMP_facade_DB_base.zip,CC BY-SA 3.0,"R. Tylecek, R. Sara, CMP Prague (collected from various sources)"
cmp_b0060,https://cmp.felk.cvut.cz/~tylecr1/facade/CMP_facade_DB_base.zip,CC BY-SA 3.0,"R. Tylecek, R. Sara, CMP Prague (collected from various sources)"
cmp_b0061,https://cmp.felk.cvut.cz/~tylecr1/facade/CMP_facade_DB_base.zip,CC BY-SA 3.0,"R. Tylecek, R. Sara, CMP Prague (collected from various sources)"
cmp_b0062,https://cmp.felk.cvut.cz/~tylecr1/facade/CMP_facade_DB_base.zip,CC BY-SA 3.0,"R. Tylecek, R. Sara, CMP Prague (collected from various sources)"
cmp_b0063,https://cmp.felk.cvut.cz/~tylecr1/facade/CMP_facade_DB_base.zip,CC BY-SA 3.0,"R. Tylecek, R. Sara, CMP Prague (collected from various sources)"
cmp_b0064,https://cmp.felk.cvut.cz/~tylecr1/facade/CMP_facade_DB_base.zip,CC BY-SA 3.0,"R. Tylecek, R. Sara, CMP Prague (collected from various sources)"
cmp_b0065,https://cmp.felk.cvut.cz/~tylecr1/facade/CMP_facade_DB_base.zip,CC BY-SA 3.0,"R. Tylecek, R. Sara, CMP Prague (collected from various sources)"
cmp_b0066,https://cmp.felk.cvut.cz/~tylecr1/facade/CMP_facade_DB_base.zip,CC BY-SA 3.0,"R. Tylecek, R. Sara, CMP Prague (collected from various sources)"
cmp_b0067,https://cmp.felk.cvut.cz/~tylecr1/facade/CMP_facade_DB_base.zip,CC BY-SA 3.0,"R. Tylecek, R. Sara, CMP Prague (collected from various sources)"
cmp_b0068,https://cmp.felk.cvut.cz/~tylecr1/facade/CMP_facade_DB_base.zip,CC BY-SA 3.0,"R. Tylecek, R. Sara, CMP Prague (collected from various sources)"
cmp_b0069,https://cmp.felk.cvut.cz/~tylecr1/facade/CMP_facade_DB_base.zip,CC BY-SA 3.0,"R. Tylecek, R. Sara, CMP Prague (collected from various sources)"
cmp_b0070,https://cmp.felk.cvut.cz/~tylecr1/facade/CMP_facade_DB_base.zip,CC BY-SA 3.0,"R. Tylecek, R. Sara, CMP Prague (collected from various sources)"
cmp_b0071,https://cmp.felk.cvut.cz/~tylecr1/facade/CMP_facade_DB_base.zip,CC BY-SA 3.0,"R. Tylecek, R. Sara, CMP Prague (collected from various sources)"
cmp_b0072,https://cmp.felk.cvut.cz/~tylecr1/facade/CMP_facade_DB_base.zip,CC BY-SA 3.0,"R. Tylecek, R. Sara, CMP Prague (collected from various sources)"
cmp_b0073,https://cmp.felk.cvut.cz/~tylecr1/facade/CMP_facade_DB_base.zip,CC BY-SA 3.0,"R. Tylecek, R. Sara, CMP Prague (collected from various sources)"
cmp_b0074,https://cmp.felk.cvut.cz/~tylecr1/facade/CMP_facade_DB_base.zip,CC BY-SA 3.0,"R. Tylecek, R. Sara, CMP Prague (collected from various sources)"
cmp_b0075,https://cmp.felk.cvut.cz/~tylecr1/facade/CMP_facade_DB_base.zip,CC BY-SA 3.0,"R. Tylecek, R. Sara, CMP Prague (collected from various sources)"
cmp_b0076,https://cmp.felk.cvut.cz/~tylecr1/facade/CMP_facade_DB_base.zip,CC BY-SA 3.0,"R. Tylecek, R. Sara, CMP Prague (collected from various sources)"
cmp_b0077,https://cmp.felk.cvut.cz/~tylecr1/facade/CMP_facade_DB_base.zip,CC BY-SA 3.0,"R. Tylecek, R. Sara, CMP Prague (collected from various sources)"
cmp_b0078,https://cmp.felk.cvut.cz/~tylecr1/facade/CMP_facade_DB_base.zip,CC BY-SA 3.0,"R. Tylecek, R. Sara, CMP Prague (collected from various sources)"
cmp_b0079,https://cmp.felk.cvut.cz/~tylecr1/facade/CMP_facade_DB_base.zip,CC BY-SA 3.0,"R. Tylecek, R. Sara, CMP Prague (collected from various sources)"
cmp_b0080,https://cmp.felk.cvut.cz/~tylecr1/facade/CMP_facade_DB_base.zip,CC BY-SA 3.0,"R. Tylecek, R. Sara, CMP Prague (collected from various sources)"
cmp_b0081,https://cmp.felk.cvut.cz/~tylecr1/facade/CMP_facade_DB_base.zip,CC BY-SA 3.0,"R. Tylecek, R. Sara, CMP Prague (collected from various sources)"
cmp_b0082,https://cmp.felk.cvut.cz/~tylecr1/facade/CMP_facade_DB_base.zip,CC BY-SA 3.0,"R. Tylecek, R. Sara, CMP Prague (collected from various sources)"
cmp_b0083,https://cmp.felk.cvut.cz/~tylecr1/facade/CMP_facade_DB_base.zip,CC BY-SA 3.0,"R. Tylecek, R. Sara, CMP Prague (collected from various sources)"
cmp_b0084,https://cmp.felk.cvut.cz/~tylecr1/facade/CMP_facade_DB_base.zip,CC BY-SA 3.0,"R. Tylecek, R. Sara, CMP Prague (collected from various sources)"
cmp_b0085,https://cmp.felk.cvut.cz/~tylecr1/facade/CMP_facade_DB_base.zip,CC BY-SA 3.0,"R. Tylecek, R. Sara, CMP Prague (collected from various sources)"
cmp_b0086,https://cmp.felk.cvut.cz/~tylecr1/facade/CMP_facade_DB_base.zip,CC BY-SA 3.0,"R. Tylecek, R. Sara, CMP Prague (collected from various sources)"
cmp_b0087,https://cmp.felk.cvut.cz/~tylecr1/facade/CMP_facade_DB_base.zip,CC BY-SA 3.0,"R. Tylecek, R. Sara, CMP Prague (collected from various sources)"
cmp_b0088,https://cmp.felk.cvut.cz/~tylecr1/facade/CMP_facade_DB_base.zip,CC BY-SA 3.0,"R. Tylecek, R. Sara, CMP Prague (collected from various sources)"
cmp_b0089,https://cmp.felk.cvut.cz/~tylecr1/facade/CMP_facade_DB_base.zip,CC BY-SA 3.0,"R. Tylecek, R. Sara, CMP Prague (collected from various sources)"
cmp_b0090,https://cmp.felk.cvut.cz/~tylecr1/facade/CMP_facade_DB_base.zip,CC BY-SA 3.0,"R. Tylecek, R. Sara, CMP Prague (collected from various sources)"
cmp_b0091,https://cmp.felk.cvut.cz/~tylecr1/facade/CMP_facade_DB_base.zip,CC BY-SA 3.0,"R. Tylecek, R. Sara, CMP Prague (collected from various sources)"
cmp_b0092,https://cmp.felk.cvut.cz/~tylecr1/facade/CMP_facade_DB_base.zip,CC BY-SA 3.0,"R. Tylecek, R. Sara, CMP Prague (collected from various sources)"
cmp_b0093,https://cmp.felk.cvut.cz/~tylecr1/facade/CMP_facade_DB_base.zip,CC BY-SA 3.0,"R. Tylecek, R. Sara, CMP Prague (collected from various sources)"
cmp_b0094,https://cmp.felk.cvut.cz/~tylecr1/facade/CMP_facade_DB_base.zip,CC BY-SA 3.0,"R. Tylecek, R. Sara, CMP Prague (collected from various sources)"
cmp_b0095,https://cmp.felk.cvut.cz/~tylecr1/facade/CMP_facade_DB_base.zip,CC BY-SA 3.0,"R. Tylecek, R. Sara, CMP Prague (collected from various sources)"
cmp_b0096,https://cmp.felk.cvut.cz/~tylecr1/facade/CMP_facade_DB_base.zip,CC BY-SA 3.0,"R. Tylecek, R. Sara, CMP Prague (collected from various sources)"
cmp_b0097,https://cmp.felk.cvut.cz/~tylecr1/facade/CMP_facade_DB_base.zip,CC BY-SA 3.0,"R. Tylecek, R. Sara, CMP Prague (collected from various sources)"
cmp_b0098,https://cmp.felk.cvut.cz/~tylecr1/facade/CMP_facade_DB_base.zip,CC BY-SA 3.0,"R. Tylecek, R. Sara, CMP Prague (collected from various sources)"
cmp_b0099,https://cmp.felk.cvut.cz/~tylecr1/facade/CMP_facade_DB_base.zip,CC BY-SA 3.0,"R. Tylecek, R. Sara, CMP Prague (collected from various sources)"
cmp_b0100,https://cmp.felk.cvut.cz/~tylecr1/facade/CMP_facade_DB_base.zip,CC BY-SA 3.0,"R. Tylecek, R. Sara, CMP Prague (collected from various sources)"
cmp_b0101,https://cmp.felk.cvut.cz/~tylecr1/facade/CMP_facade_DB_base.zip,CC BY-SA 3.0,"R. Tylecek, R. Sara, CMP Prague (collected from various sources)"
cmp_b0102,https://cmp.felk.cvut.cz/~tylecr1/facade/CMP_facade_DB_base.zip,CC BY-SA 3.0,"R. Tylecek, R. Sara, CMP Prague (collected from various sources)"
cmp_b0103,https://cmp.felk.cvut.cz/~tylecr1/facade/CMP_facade_DB_base.zip,CC BY-SA 3.0,"R. Tylecek, R. Sara, CMP Prague (collected from various sources)"
cmp_b0104,https://cmp.felk.cvut.cz/~tylecr1/facade/CMP_facade_DB_base.zip,CC BY-SA 3.0,"R. Tylecek, R. Sara, CMP Prague (collected from various sources)"
cmp_b0105,https://cmp.felk.cvut.cz/~tylecr1/facade/CMP_facade_DB_base.zip,CC BY-SA 3.0,"R. Tylecek, R. Sara, CMP Prague (collected from various sources)"
cmp_b0106,https://cmp.felk.cvut.cz/~tylecr1/facade/CMP_facade_DB_base.zip,CC BY-SA 3.0,"R. Tylecek, R. Sara, CMP Prague (collected from various sources)"
cmp_b0107,https://cmp.felk.cvut.cz/~tylecr1/facade/CMP_facade_DB_base.zip,CC BY-SA 3.0,"R. Tylecek, R. Sara, CMP Prague (collected from various sources)"
cmp_b0108,https://cmp.felk.cvut.cz/~tylecr1/facade/CMP_facade_DB_base.zip,CC BY-SA 3.0,"R. Tylecek, R. Sara, CMP Prague (collected from various sources)"
cmp_b0109,https://cmp.felk.cvut.cz/~tylecr1/facade/CMP_facade_DB_base.zip,CC BY-SA 3.0,"R. Tylecek, R. Sara, CMP Prague (collected from various sources)"
cmp_b0110,https://cmp.felk.cvut.cz/~tylecr1/facade/CMP_facade_DB_base.zip,CC BY-SA 3.0,"R. Tylecek, R. Sara, CMP Prague (collected from various sources)"
cmp_b0111,https://cmp.felk.cvut.cz/~tylecr1/facade/CMP_facade_DB_base.zip,CC BY-SA 3.0,"R. Tylecek, R. Sara, CMP Prague (collected from various sources)"
cmp_b0112,https://cmp.felk.cvut.cz/~tylecr1/facade/CMP_facade_DB_base.zip,CC BY-SA 3.0,"R. Tylecek, R. Sara, CMP Prague (collected from various sources)"
cmp_b0113,https://cmp.felk.cvut.cz/~tylecr1/facade/CMP_facade_DB_base.zip,CC BY-SA 3.0,"R. Tylecek, R. Sara, CMP Prague (collected from various sources)"
cmp_b0114,https://cmp.felk.cvut.cz/~tylecr1/facade/CMP_facade_DB_base.zip,CC BY-SA 3.0,"R. Tylecek, R. Sara, CMP Prague (collected from various sources)"
cmp_b0115,https://cmp.felk.cvut.cz/~tylecr1/facade/CMP_facade_DB_base.zip,CC BY-SA 3.0,"R. Tylecek, R. Sara, CMP Prague (collected from various sources)"
cmp_b0116,https://cmp.felk.cvut.cz/~tylecr1/facade/CMP_facade_DB_base.zip,CC BY-SA 3.0,"R. Tylecek, R. Sara, CMP Prague (collected from various sources)"
cmp_b0117,https://cmp.felk.cvut.cz/~tylecr1/facade/CMP_facade_DB_base.zip,CC BY-SA 3.0,"R. Tylecek, R. Sara, CMP Prague (collected from various sources)"
cmp_b0118,https://cmp.felk.cvut.cz/~tylecr1/facade/CMP_facade_DB_base.zip,CC BY-SA 3.0,"R. Tylecek, R. Sara, CMP Prague (collected from various sources)"
cmp_b0119,https://cmp.felk.cvut.cz/~tylecr1/facade/CMP_facade_DB_base.zip,CC BY-SA 3.0,"R. Tylecek, R. Sara, CMP Prague (collected from various sources)"
cmp_b0120,https://cmp.felk.cvut.cz/~tylecr1/facade/CMP_facade_DB_base.zip,CC BY-SA 3.0,"R. Tylecek, R. Sara, CMP Prague (collected from various sources)"
cmp_b0121,https://cmp.felk.cvut.cz/~tylecr1/facade/CMP_facade_DB_base.zip,CC BY-SA 3.0,"R. Tylecek, R. Sara, CMP Prague (collected from various sources)"
cmp_b0122,https://cmp.felk.cvut.cz/~tylecr1/facade/CMP_facade_DB_base.zip,CC BY-SA 3.0,"R. Tylecek, R. Sara, CMP Prague (collected from various sources)"
cmp_b0123,https://cmp.felk.cvut.cz/~tylecr1/facade/CMP_facade_DB_base.zip,CC BY-SA 3.0,"R. Tylecek, R. Sara, CMP Prague (collected from various sources)"
cmp_b0124,https://cmp.felk.cvut.cz/~tylecr1/facade/CMP_facade_DB_base.zip,CC BY-SA 3.0,"R. Tylecek, R. Sara, CMP Prague (collected from various sources)"
cmp_b0125,https://cmp.felk.cvut.cz/~tylecr1/facade/CMP_facade_DB_base.zip,CC BY-SA 3.0,"R. Tylecek, R. Sara, CMP Prague (collected from various sources)"
cmp_b0126,https://cmp.felk.cvut.cz/~tylecr1/facade/CMP_facade_DB_base.zip,CC BY-SA 3.0,"R. Tylecek, R. Sara, CMP Prague (collected from various sources)"
cmp_b0127,https://cmp.felk.cvut.cz/~tylecr1/facade/CMP_facade_DB_base.zip,CC BY-SA 3.0,"R. Tylecek, R. Sara, CMP Prague (collected from various sources)"
cmp_b0128,https://cmp.felk.cvut.cz/~tylecr1/facade/CMP_facade_DB_base.zip,CC BY-SA 3.0,"R. Tylecek, R. Sara, CMP Prague (collected from various sources)"
cmp_b0129,https://cmp.felk.cvut.cz/~tylecr1/facade/CMP_facade_DB_base.zip,CC BY-SA 3.0,"R. Tylecek, R. Sara, CMP Prague (collected from various sources)"
cmp_b0130,https://cmp.felk.cvut.cz/~tylecr1/facade/CMP_facade_DB_base.zip,CC BY-SA 3.0,"R. Tylecek, R. Sara, CMP Prague (collected from various sources)"
cmp_b0131,https://cmp.felk.cvut.cz/~tylecr1/facade/CMP_facade_DB_base.zip,CC BY-SA 3.0,"R. Tylecek, R. Sara, CMP Prague (collected from various sources)"
cmp_b0132,https://cmp.felk.cvut.cz/~tylecr1/facade/CMP_facade_DB_base.zip,CC BY-SA 3.0,"R. Tylecek, R. Sara, CMP Prague (collected from various sources)"
cmp_b0133,https://cmp.felk.cvut.cz/~tylecr1/facade/CMP_facade_DB_base.zip,CC BY-SA 3.0,"R. Tylecek, R. Sara, CMP Prague (collected from various sources)"
cmp_b0134,https://cmp.felk.cvut.cz/~tylecr1/facade/CMP_facade_DB_base.zip,CC BY-SA 3.0,"R. Tylecek, R. Sara, CMP Prague (collected from various sources)"
cmp_b0135,https://cmp.felk.cvut.cz/~tylecr1/facade/CMP_facade_DB_base.zip,CC BY-SA 3.0,"R. Tylecek, R. Sara, CMP Prague (collected from various sources)"
cmp_b0136,https://cmp.felk.cvut.cz/~tylecr1/facade/CMP_facade_DB_base.zip,CC BY-SA 3.0,"R. Tylecek, R. Sara, CMP Prague (collected from various sources)"
cmp_b0137,https://cmp.felk.cvut.cz/~tylecr1/facade/CMP_facade_DB_base.zip,CC BY-SA 3.0,"R. Tylecek, R. Sara, CMP Prague (collected from various sources)"
cmp_b0138,https://cmp.felk.cvut.cz/~tylecr1/facade/CMP_facade_DB_base.zip,CC BY-SA 3.0,"R. Tylecek, R. Sara, CMP Prague (collected from various sources)"
cmp_b0139,https://cmp.felk.cvut.cz/~tylecr1/facade/CMP_facade_DB_base.zip,CC BY-SA 3.0,"R. Tylecek, R. Sara, CMP Prague (collected from various sources)"
cmp_b0140,https://cmp.felk.cvut.cz/~tylecr1/facade/CMP_facade_DB_base.zip,CC BY-SA 3.0,"R. Tylecek, R. Sara, CMP Prague (collected from various sources)"
cmp_b0141,https://cmp.felk.cvut.cz/~tylecr1/facade/CMP_facade_DB_base.zip,CC BY-SA 3.0,"R. Tylecek, R. Sara, CMP Prague (collected from various sources)"
cmp_b0142,https://cmp.felk.cvut.cz/~tylecr1/facade/CMP_facade_DB_base.zip,CC BY-SA 3.0,"R. Tylecek, R. Sara, CMP Prague (collected from various sources)"
cmp_b0143,https://cmp.felk.cvut.cz/~tylecr1/facade/CMP_facade_DB_base.zip,CC BY-SA 3.0,"R. Tylecek, R. Sara, CMP Prague (collected from various sources)"
cmp_b0144,https://cmp.felk.cvut.cz/~tylecr1/facade/CMP_facade_DB_base.zip,CC BY-SA 3.0,"R. Tylecek, R. Sara, CMP Prague (collected from various sources)"
cmp_b0145,https://cmp.felk.cvut.cz/~tylecr1/facade/CMP_facade_DB_base.zip,CC BY-SA 3.0,"R. Tylecek, R. Sara, CMP Prague (collected from various sources)"
cmp_b0146,https://cmp.felk.cvut.cz/~tylecr1/facade/CMP_facade_DB_base.zip,CC BY-SA 3.0,"R. Tylecek, R. Sara, CMP Prague (collected from various sources)"
cmp_b0147,https://cmp.felk.cvut.cz/~tylecr1/facade/CMP_facade_DB_base.zip,CC BY-SA 3.0,"R. Tylecek, R. Sara, CMP Prague (collected from various sources)"
cmp_b0148,https://cmp.felk.cvut.cz/~tylecr1/facade/CMP_facade_DB_base.zip,CC BY-SA 3.0,"R. Tylecek, R. Sara, CMP Prague (collected from various sources)"
cmp_b0149,https://cmp.felk.cvut.cz/~tylecr1/facade/CMP_facade_DB_base.zip,CC BY-SA 3.0,"R. Tylecek, R. Sara, CMP Prague (collected from various sources)"
cmp_b0150,https://cmp.felk.cvut.cz/~tylecr1/facade/CMP_facade_DB_base.zip,CC BY-SA 3.0,"R. Tylecek, R. Sara, CMP Prague (collected from various sources)"
cmp_b0151,https://cmp.felk.cvut.cz/~tylecr1/facade/CMP_facade_DB_base.zip,CC BY-SA 3.0,"R. Tylecek, R. Sara, CMP Prague (collected from various sources)"
cmp_b0152,https://cmp.felk.cvut.cz/~tylecr1/facade/CMP_facade_DB_base.zip,CC BY-SA 3.0,"R. Tylecek, R. Sara, CMP Prague (collected from various sources)"
cmp_b0153,https://cmp.felk.cvut.cz/~tylecr1/facade/CMP_facade_DB_base.zip,CC BY-SA 3.0,"R. Tylecek, R. Sara, CMP Prague (collected from various sources)"
cmp_b0154,https://cmp.felk.cvut.cz/~tylecr1/facade/CMP_facade_DB_base.zip,CC BY-SA 3.0,"R. Tylecek, R. Sara, CMP Prague (collected from various sources)"
cmp_b0155,https://cmp.felk.cvut.cz/~tylecr1/facade/CMP_facade_DB_base.zip,CC BY-SA 3.0,"R. Tylecek, R. Sara, CMP Prague (collected from various sources)"
cmp_b0156,https://cmp.felk.cvut.cz/~tylecr1/facade/CMP_facade_DB_base.zip,CC BY-SA 3.0,"R. Tylecek, R. Sara, CMP Prague (collected from various sources)"
cmp_b0157,https://cmp.felk.cvut.cz/~tylecr1/facade/CMP_facade_DB_base.zip,CC BY-SA 3.0,"R. Tylecek, R. Sara, CMP Prague (collected from various sources)"
cmp_b0158,https://cmp.felk.cvut.cz/~tylecr1/facade/CMP_facade_DB_base.zip,CC BY-SA 3.0,"R. Tylecek, R. Sara, CMP Prague (collected from various sources)"
cmp_b0159,https://cmp.felk.cvut.cz/~tylecr1/facade/CMP_facade_DB_base.zip,CC BY-SA 3.0,"R. Tylecek, R. Sara, CMP Prague (collected from various sources)"
cmp_b0160,https://cmp.felk.cvut.cz/~tylecr1/facade/CMP_facade_DB_base.zip,CC BY-SA 3.0,"R. Tylecek, R. Sara, CMP Prague (collected from various sources)"
cmp_b0161,https://cmp.felk.cvut.cz/~tylecr1/facade/CMP_facade_DB_base.zip,CC BY-SA 3.0,"R. Tylecek, R. Sara, CMP Prague (collected from various sources)"
cmp_b0162,https://cmp.felk.cvut.cz/~tylecr1/facade/CMP_facade_DB_base.zip,CC BY-SA 3.0,"R. Tylecek, R. Sara, CMP Prague (collected from various sources)"
cmp_b0163,https://cmp.felk.cvut.cz/~tylecr1/facade/CMP_facade_DB_base.zip,CC BY-SA 3.0,"R. Tylecek, R. Sara, CMP Prague (collected from various sources)"
cmp_b0164,https://cmp.felk.cvut.cz/~tylecr1/facade/CMP_facade_DB_base.zip,CC BY-SA 3.0,"R. Tylecek, R. Sara, CMP Prague (collected from various sources)"
cmp_b0165,https://cmp.felk.cvut.cz/~tylecr1/facade/CMP_facade_DB_base.zip,CC BY-SA 3.0,"R. Tylecek, R. Sara, CMP Prague (collected from various sources)"
cmp_b0166,https://cmp.felk.cvut.cz/~tylecr1/facade/CMP_facade_DB_base.zip,CC BY-SA 3.0,"R. Tylecek, R. Sara, CMP Prague (collected from various sources)"
cmp_b0167,https://cmp.felk.cvut.cz/~tylecr1/facade/CMP_facade_DB_base.zip,CC BY-SA 3.0,"R. Tylecek, R. Sara, CMP Prague (collected from various sources)"
cmp_b0168,https://cmp.felk.cvut.cz/~tylecr1/facade/CMP_facade_DB_base.zip,CC BY-SA 3.0,"R. Tylecek, R. Sara, CMP Prague (collected from various sources)"
cmp_b0169,https://cmp.felk.cvut.cz/~tylecr1/facade/CMP_facade_DB_base.zip,CC BY-SA 3.0,"R. Tylecek, R. Sara, CMP Prague (collected from various sources)"
cmp_b0170,https://cmp.felk.cvut.cz/~tylecr1/facade/CMP_facade_DB_base.zip,CC BY-SA 3.0,"R. Tylecek, R. Sara, CMP Prague (collected from various sources)"
cmp_b0171,https://cmp.felk.cvut.cz/~tylecr1/facade/CMP_facade_DB_base.zip,CC BY-SA 3.0,"R. Tylecek, R. Sara, CMP Prague (collected from various sources)"
cmp_b0172,https://cmp.felk.cvut.cz/~tylecr1/facade/CMP_facade_DB_base.zip,CC BY-SA 3.0,"R. Tylecek, R. Sara, CMP Prague (collected from various sources)"
cmp_b0173,https://cmp.felk.cvut.cz/~tylecr1/facade/CMP_facade_DB_base.zip,CC BY-SA 3.0,"R. Tylecek, R. Sara, CMP Prague (collected from various sources)"
cmp_b0174,https://cmp.felk.cvut.cz/~tylecr1/facade/CMP_facade_DB_base.zip,CC BY-SA 3.0,"R. Tylecek, R. Sara, CMP Prague (collected from various sources)"
cmp_b0175,https://cmp.felk.cvut.cz/~tylecr1/facade/CMP_facade_DB_base.zip,CC BY-SA 3.0,"R. Tylecek, R. Sara, CMP Prague (collected from various sources)"
cmp_b0176,https://cmp.felk.cvut.cz/~tylecr1/facade/CMP_facade_DB_base.zip,CC BY-SA 3.0,"R. Tylecek, R. Sara, CMP Prague (collected from various sources)"
cmp_b0177,https://cmp.felk.cvut.cz/~tylecr1/facade/CMP_facade_DB_base.zip,CC BY-SA 3.0,"R. Tylecek, R. Sara, CMP Prague (collected from various sources)"
cmp_b0178,https://cmp.felk.cvut.cz/~tylecr1/facade/CMP_facade_DB_base.zip,CC BY-SA 3.0,"R. Tylecek, R. Sara, CMP Prague (collected from various sources)"
cmp_b0179,https://cmp.felk.cvut.cz/~tylecr1/facade/CMP_facade_DB_base.zip,CC BY-SA 3.0,"R. Tylecek, R. Sara, CMP Prague (collected from various sources)"
cmp_b0180,https://cmp.felk.cvut.cz/~tylecr1/facade/CMP_facade_DB_base.zip,CC BY-SA 3.0,"R. Tylecek, R. Sara, CMP Prague (collected from various sources)"
cmp_b0181,https://cmp.felk.cvut.cz/~tylecr1/facade/CMP_facade_DB_base.zip,CC BY-SA 3.0,"R. Tylecek, R. Sara, CMP Prague (collected from various sources)"
cmp_b0182,https://cmp.felk.cvut.cz/~tylecr1/facade/CMP_facade_DB_base.zip,CC BY-SA 3.0,"R. Tylecek, R. Sara, CMP Prague (collected from various sources)"
cmp_b0183,https://cmp.felk.cvut.cz/~tylecr1/facade/CMP_facade_DB_base.zip,CC BY-SA 3.0,"R. Tylecek, R. Sara, CMP Prague (collected from various sources)"
cmp_b0184,https://cmp.felk.cvut.cz/~tylecr1/facade/CMP_facade_DB_base.zip,CC BY-SA 3.0,"R. Tylecek, R. Sara, CMP Prague (collected from various sources)"
cmp_b0185,https://cmp.felk.cvut.cz/~tylecr1/facade/CMP_facade_DB_base.zip,CC BY-SA 3.0,"R. Tylecek, R. Sara, CMP Prague (collected from various sources)"
cmp_b0186,https://cmp.felk.cvut.cz/~tylecr1/facade/CMP_facade_DB_base.zip,CC BY-SA 3.0,"R. Tylecek, R. Sara, CMP Prague (collected from various sources)"
cmp_b0187,https://cmp.felk.cvut.cz/~tylecr1/facade/CMP_facade_DB_base.zip,CC BY-SA 3.0,"R. Tylecek, R. Sara, CMP Prague (collected from various sources)"
cmp_b0188,https://cmp.felk.cvut.cz/~tylecr1/facade/CMP_facade_DB_base.zip,CC BY-SA 3.0,"R. Tylecek, R. Sara, CMP Prague (collected from various sources)"
cmp_b0189,https://cmp.felk.cvut.cz/~tylecr1/facade/CMP_facade_DB_base.zip,CC BY-SA 3.0,"R. Tylecek, R. Sara, CMP Prague (collected from various sources)"
cmp_b0190,https://cmp.felk.cvut.cz/~tylecr1/facade/CMP_facade_DB_base.zip,CC BY-SA 3.0,"R. Tylecek, R. Sara, CMP Prague (collected from various sources)"
cmp_b0191,https://cmp.felk.cvut.cz/~tylecr1/facade/CMP_facade_DB_base.zip,CC BY-SA 3.0,"R. Tylecek, R. Sara, CMP Prague (collected from various sources)"
cmp_b0192,https://cmp.felk.cvut.cz/~tylecr1/facade/CMP_facade_DB_base.zip,CC BY-SA 3.0,"R. Tylecek, R. Sara, CMP Prague (collected from various sources)"
cmp_b0193,https://cmp.felk.cvut.cz/~tylecr1/facade/CMP_facade_DB_base.zip,CC BY-SA 3.0,"R. Tylecek, R. Sara, CMP Prague (collected from various sources)"
cmp_b0194,https://cmp.felk.cvut.cz/~tylecr1/facade/CMP_facade_DB_base.zip,CC BY-SA 3.0,"R. Tylecek, R. Sara, CMP Prague (collected from various sources)"
cmp_b0195,https://cmp.felk.cvut.cz/~tylecr1/facade/CMP_facade_DB_base.zip,CC BY-SA 3.0,"R. Tylecek, R. Sara, CMP Prague (collected from various sources)"
cmp_b0196,https://cmp.felk.cvut.cz/~tylecr1/facade/CMP_facade_DB_base.zip,CC BY-SA 3.0,"R. Tylecek, R. Sara, CMP Prague (collected from various sources)"
cmp_b0197,https://cmp.felk.cvut.cz/~tylecr1/facade/CMP_facade_DB_base.zip,CC BY-SA 3.0,"R. Tylecek, R. Sara, CMP Prague (collected from various sources)"
cmp_b0198,https://cmp.felk.cvut.cz/~tylecr1/facade/CMP_facade_DB_base.zip,CC BY-SA 3.0,"R. Tylecek, R. Sara, CMP Prague (collected from various sources)"
cmp_b0199,https://cmp.felk.cvut.cz/~tylecr1/facade/CMP_facade_DB_base.zip,CC BY-SA 3.0,"R. Tylecek, R. Sara, CMP Prague (collected from various sources)"
cmp_b0200,https://cmp.felk.cvut.cz/~tylecr1/facade/CMP_facade_DB_base.zip,CC BY-SA 3.0,"R. Tylecek, R. Sara, CMP Prague (collected from various sources)"
cmp_b0201,https://cmp.felk.cvut.cz/~tylecr1/facade/CMP_facade_DB_base.zip,CC BY-SA 3.0,"R. Tylecek, R. Sara, CMP Prague (collected from various sources)"
cmp_b0202,https://cmp.felk.cvut.cz/~tylecr1/facade/CMP_facade_DB_base.zip,CC BY-SA 3.0,"R. Tylecek, R. Sara, CMP Prague (collected from various sources)"
cmp_b0203,https://cmp.felk.cvut.cz/~tylecr1/facade/CMP_facade_DB_base.zip,CC BY-SA 3.0,"R. Tylecek, R. Sara, CMP Prague (collected from various sources)"
cmp_b0204,https://cmp.felk.cvut.cz/~tylecr1/facade/CMP_facade_DB_base.zip,CC BY-SA 3.0,"R. Tylecek, R. Sara, CMP Prague (collected from various sources)"
cmp_b0205,https://cmp.felk.cvut.cz/~tylecr1/facade/CMP_facade_DB_base.zip,CC BY-SA 3.0,"R. Tylecek, R. Sara, CMP Prague (collected from various sources)"
cmp_b0206,https://cmp.felk.cvut.cz/~tylecr1/facade/CMP_facade_DB_base.zip,CC BY-SA 3.0,"R. Tylecek, R. Sara, CMP Prague (collected from various sources)"
cmp_b0207,https://cmp.felk.cvut.cz/~tylecr1/facade/CMP_facade_DB_base.zip,CC BY-SA 3.0,"R. Tylecek, R. Sara, CMP Prague (collected from various sources)"
cmp_b0208,https://cmp.felk.cvut.cz/~tylecr1/facade/CMP_facade_DB_base.zip,CC BY-SA 3.0,"R. Tylecek, R. Sara, CMP Prague (collected from various sources)"
cmp_b0209,https://cmp.felk.cvut.cz/~tylecr1/facade/CMP_facade_DB_base.zip,CC BY-SA 3.0,"R. Tylecek, R. Sara, CMP Prague (collected from various sources)"
cmp_b0210,https://cmp.felk.cvut.cz/~tylecr1/facade/CMP_facade_DB_base.zip,CC BY-SA 3.0,"R. Tylecek, R. Sara, CMP Prague (collected from various sources)"
cmp_b0211,https://cmp.felk.cvut.cz/~tylecr1/facade/CMP_facade_DB_base.zip,CC BY-SA 3.0,"R. Tylecek, R. Sara, CMP Prague (collected from various sources)"
cmp_b0212,https://cmp.felk.cvut.cz/~tylecr1/facade/CMP_facade_DB_base.zip,CC BY-SA 3.0,"R. Tylecek, R. Sara, CMP Prague (collected from various sources)"
cmp_b0213,https://cmp.felk.cvut.cz/~tylecr1/facade/CMP_facade_DB_base.zip,CC BY-SA 3.0,"R. Tylecek, R. Sara, CMP Prague (collected from various sources)"
cmp_b0214,https://cmp.felk.cvut.cz/~tylecr1/facade/CMP_facade_DB_base.zip,CC BY-SA 3.0,"R. Tylecek, R. Sara, CMP Prague (collected from various sources)"
cmp_b0215,https://cmp.felk.cvut.cz/~tylecr1/facade/CMP_facade_DB_base.zip,CC BY-SA 3.0,"R. Tylecek, R. Sara, CMP Prague (collected from various sources)"
cmp_b0216,https://cmp.felk.cvut.cz/~tylecr1/facade/CMP_facade_DB_base.zip,CC BY-SA 3.0,"R. Tylecek, R. Sara, CMP Prague (collected from various sources)"
cmp_b0217,https://cmp.felk.cvut.cz/~tylecr1/facade/CMP_facade_DB_base.zip,CC BY-SA 3.0,"R. Tylecek, R. Sara, CMP Prague (collected from various sources)"
cmp_b0218,https://cmp.felk.cvut.cz/~tylecr1/facade/CMP_facade_DB_base.zip,CC BY-SA 3.0,"R. Tylecek, R. Sara, CMP Prague (collected from various sources)"
cmp_b0219,https://cmp.felk.cvut.cz/~tylecr1/facade/CMP_facade_DB_base.zip,CC BY-SA 3.0,"R. Tylecek, R. Sara, CMP Prague (collected from various sources)"
cmp_b0220,https://cmp.felk.cvut.cz/~tylecr1/facade/CMP_facade_DB_base.zip,CC BY-SA 3.0,"R. Tylecek, R. Sara, CMP Prague (collected from various sources)"
cmp_b0221,https://cmp.felk.cvut.cz/~tylecr1/facade/CMP_facade_DB_base.zip,CC BY-SA 3.0,"R. Tylecek, R. Sara, CMP Prague (collected from various sources)"
cmp_b0222,https://cmp.felk.cvut.cz/~tylecr1/facade/CMP_facade_DB_base.zip,CC BY-SA 3.0,"R. Tylecek, R. Sara, CMP Prague (collected from various sources)"
cmp_b0223,https://cmp.felk.cvut.cz/~tylecr1/facade/CMP_facade_DB_base.zip,CC BY-SA 3.0,"R. Tylecek, R. Sara, CMP Prague (collected from various sources)"
cmp_b0224,https://cmp.felk.cvut.cz/~tylecr1/facade/CMP_facade_DB_base.zip,CC BY-SA 3.0,"R. Tylecek, R. Sara, CMP Prague (collected from various sources)"
cmp_b0225,https://cmp.felk.cvut.cz/~tylecr1/facade/CMP_facade_DB_base.zip,CC BY-SA 3.0,"R. Tylecek, R. Sara, CMP Prague (collected from various sources)"
cmp_b0226,https://cmp.felk.cvut.cz/~tylecr1/facade/CMP_facade_DB_base.zip,CC BY-SA 3.0,"R. Tylecek, R. Sara, CMP Prague (collected from various sources)"
cmp_b0227,https://cmp.felk.cvut.cz/~tylecr1/facade/CMP_facade_DB_base.zip,CC BY-SA 3.0,"R. Tylecek, R. Sara, CMP Prague (collected from various sources)"
cmp_b0228,https://cmp.felk.cvut.cz/~tylecr1/facade/CMP_facade_DB_base.zip,CC BY-SA 3.0,"R. Tylecek, R. Sara, CMP Prague (collected from various sources)"
cmp_b0229,https://cmp.felk.cvut.cz/~tylecr1/facade/CMP_facade_DB_base.zip,CC BY-SA 3.0,"R. Tylecek, R. Sara, CMP Prague (collected from various sources)"
cmp_b0230,https://cmp.felk.cvut.cz/~tylecr1/facade/CMP_facade_DB_base.zip,CC BY-SA 3.0,"R. Tylecek, R. Sara, CMP Prague (collected from various sources)"
cmp_b0231,https://cmp.felk.cvut.cz/~tylecr1/facade/CMP_facade_DB_base.zip,CC BY-SA 3.0,"R. Tylecek, R. Sara, CMP Prague (collected from various sources)"
cmp_b0232,https://cmp.felk.cvut.cz/~tylecr1/facade/CMP_facade_DB_base.zip,CC BY-SA 3.0,"R. Tylecek, R. Sara, CMP Prague (collected from various sources)"
cmp_b0233,https://cmp.felk.cvut.cz/~tylecr1/facade/CMP_facade_DB_base.zip,CC BY-SA 3.0,"R. Tylecek, R. Sara, CMP Prague (collected from various sources)"
cmp_b0234,https://cmp.felk.cvut.cz/~tylecr1/facade/CMP_facade_DB_base.zip,CC BY-SA 3.0,"R. Tylecek, R. Sara, CMP Prague (collected from various sources)"
cmp_b0235,https://cmp.felk.cvut.cz/~tylecr1/facade/CMP_facade_DB_base.zip,CC BY-SA 3.0,"R. Tylecek, R. Sara, CMP Prague (collected from various sources)"
cmp_b0236,https://cmp.felk.cvut.cz/~tylecr1/facade/CMP_facade_DB_base.zip,CC BY-SA 3.0,"R. Tylecek, R. Sara, CMP Prague (collected from various sources)"
cmp_b0237,https://cmp.felk.cvut.cz/~tylecr1/facade/CMP_facade_DB_base.zip,CC BY-SA 3.0,"R. Tylecek, R. Sara, CMP Prague (collected from various sources)"
cmp_b0238,https://cmp.felk.cvut.cz/~tylecr1/facade/CMP_facade_DB_base.zip,CC BY-SA 3.0,"R. Tylecek, R. Sara, CMP Prague (collected from various sources)"
cmp_b0239,https://cmp.felk.cvut.cz/~tylecr1/facade/CMP_facade_DB_base.zip,CC BY-SA 3.0,"R. Tylecek, R. Sara, CMP Prague (collected from various sources)"
cmp_b0240,https://cmp.felk.cvut.cz/~tylecr1/facade/CMP_facade_DB_base.zip,CC BY-SA 3.0,"R. Tylecek, R. Sara, CMP Prague (collected from various sources)"
cmp_b0241,https://cmp.felk.cvut.cz/~tylecr1/facade/CMP_facade_DB_base.zip,CC BY-SA 3.0,"R. Tylecek, R. Sara, CMP Prague (collected from various sources)"
cmp_b0242,https://cmp.felk.cvut.cz/~tylecr1/facade/CMP_facade_DB_base.zip,CC BY-SA 3.0,"R. Tylecek, R. Sara, CMP Prague (collected from various sources)"
cmp_b0243,https://cmp.felk.cvut.cz/~tylecr1/facade/CMP_facade_DB_base.zip,CC BY-SA 3.0,"R. Tylecek, R. Sara, CMP Prague (collected from various sources)"
cmp_b0244,https://cmp.felk.cvut.cz/~tylecr1/facade/CMP_facade_DB_base.zip,CC BY-SA 3.0,"R. Tylecek, R. Sara, CMP Prague (collected from various sources)"
cmp_b0245,https://cmp.felk.cvut.cz/~tylecr1/facade/CMP_facade_DB_base.zip,CC BY-SA 3.0,"R. Tylecek, R. Sara, CMP Prague (collected from various sources)"
cmp_b0246,https://cmp.felk.cvut.cz/~tylecr1/facade/CMP_facade_DB_base.zip,CC BY-SA 3.0,"R. Tylecek, R. Sara, CMP Prague (collected from various sources)"
cmp_b0247,https://cmp.felk.cvut.cz/~tylecr1/facade/CMP_facade_DB_base.zip,CC BY-SA 3.0,"R. Tylecek, R. Sara, CMP Prague (collected from various sources)"
cmp_b0248,https://cmp.felk.cvut.cz/~tylecr1/facade/CMP_facade_DB_base.zip,CC BY-SA 3.0,"R. Tylecek, R. Sara, CMP Prague (collected from various sources)"
cmp_b0249,https://cmp.felk.cvut.cz/~tylecr1/facade/CMP_facade_DB_base.zip,CC BY-SA 3.0,"R. Tylecek, R. Sara, CMP Prague (collected from various sources)"
cmp_b0250,https://cmp.felk.cvut.cz/~tylecr1/facade/CMP_facade_DB_base.zip,CC BY-SA 3.0,"R. Tylecek, R. Sara, CMP Prague (collected from various sources)"
cmp_b0251,https://cmp.felk.cvut.cz/~tylecr1/facade/CMP_facade_DB_base.zip,CC BY-SA 3.0,"R. Tylecek, R. Sara, CMP Prague (collected from various sources)"
cmp_b0252,https://cmp.felk.cvut.cz/~tylecr1/facade/CMP_facade_DB_base.zip,CC BY-SA 3.0,"R. Tylecek, R. Sara, CMP Prague (collected from various sources)"
cmp_b0253,https://cmp.felk.cvut.cz/~tylecr1/facade/CMP_facade_DB_base.zip,CC BY-SA 3.0,"R. Tylecek, R. Sara, CMP Prague (collected from various sources)"
cmp_b0254,https://cmp.felk.cvut.cz/~tylecr1/facade/CMP_facade_DB_base.zip,CC BY-SA 3.0,"R. Tylecek, R. Sara, CMP Prague (collected from various sources)"
cmp_b0255,https://cmp.felk.cvut.cz/~tylecr1/facade/CMP_facade_DB_base.zip,CC BY-SA 3.0,"R. Tylecek, R. Sara, CMP Prague (collected from various sources)"
cmp_b0256,https://cmp.felk.cvut.cz/~tylecr1/facade/CMP_facade_DB_base.zip,CC BY-SA 3.0,"R. Tylecek, R. Sara, CMP Prague (collected from various sources)"
cmp_b0257,https://cmp.felk.cvut.cz/~tylecr1/facade/CMP_facade_DB_base.zip,CC BY-SA 3.0,"R. Tylecek, R. Sara, CMP Prague (collected from various sources)"
cmp_b0258,https://cmp.felk.cvut.cz/~tylecr1/facade/CMP_facade_DB_base.zip,CC BY-SA 3.0,"R. Tylecek, R. Sara, CMP Prague (collected from various sources)"
cmp_b0259,https://cmp.felk.cvut.cz/~tylecr1/facade/CMP_facade_DB_base.zip,CC BY-SA 3.0,"R. Tylecek, R. Sara, CMP Prague (collected from various sources)"
cmp_b0260,https://cmp.felk.cvut.cz/~tylecr1/facade/CMP_facade_DB_base.zip,CC BY-SA 3.0,"R. Tylecek, R. Sara, CMP Prague (collected from various sources)"
cmp_b0261,https://cmp.felk.cvut.cz/~tylecr1/facade/CMP_facade_DB_base.zip,CC BY-SA 3.0,"R. Tylecek, R. Sara, CMP Prague (collected from various sources)"
cmp_b0262,https://cmp.felk.cvut.cz/~tylecr1/facade/CMP_facade_DB_base.zip,CC BY-SA 3.0,"R. Tylecek, R. Sara, CMP Prague (collected from various sources)"
cmp_b0263,https://cmp.felk.cvut.cz/~tylecr1/facade/CMP_facade_DB_base.zip,CC BY-SA 3.0,"R. Tylecek, R. Sara, CMP Prague (collected from various sources)"
cmp_b0264,https://cmp.felk.cvut.cz/~tylecr1/facade/CMP_facade_DB_base.zip,CC BY-SA 3.0,"R. Tylecek, R. Sara, CMP Prague (collected from various sources)"
cmp_b0265,https://cmp.felk.cvut.cz/~tylecr1/facade/CMP_facade_DB_base.zip,CC BY-SA 3.0,"R. Tylecek, R. Sara, CMP Prague (collected from various sources)"
cmp_b0266,https://cmp.felk.cvut.cz/~tylecr1/facade/CMP_facade_DB_base.zip,CC BY-SA 3.0,"R. Tylecek, R. Sara, CMP Prague (collected from various sources)"
cmp_b0267,https://cmp.felk.cvut.cz/~tylecr1/facade/CMP_facade_DB_base.zip,CC BY-SA 3.0,"R. Tylecek, R. Sara, CMP Prague (collected from various sources)"
cmp_b0268,https://cmp.felk.cvut.cz/~tylecr1/facade/CMP_facade_DB_base.zip,CC BY-SA 3.0,"R. Tylecek, R. Sara, CMP Prague (collected from various sources)"
cmp_b0269,https://cmp.felk.cvut.cz/~tylecr1/facade/CMP_facade_DB_base.zip,CC BY-SA 3.0,"R. Tylecek, R. Sara, CMP Prague (collected from various sources)"
cmp_b0270,https://cmp.felk.cvut.cz/~tylecr1/facade/CMP_facade_DB_base.zip,CC BY-SA 3.0,"R. Tylecek, R. Sara, CMP Prague (collected from various sources)"
cmp_b0271,https://cmp.felk.cvut.cz/~tylecr1/facade/CMP_facade_DB_base.zip,CC BY-SA 3.0,"R. Tylecek, R. Sara, CMP Prague (collected from various sources)"
cmp_b0272,https://cmp.felk.cvut.cz/~tylecr1/facade/CMP_facade_DB_base.zip,CC BY-SA 3.0,"R. Tylecek, R. Sara, CMP Prague (collected from various sources)"
cmp_b0273,https://cmp.felk.cvut.cz/~tylecr1/facade/CMP_facade_DB_base.zip,CC BY-SA 3.0,"R. Tylecek, R. Sara, CMP Prague (collected from various sources)"
cmp_b0274,https://cmp.felk.cvut.cz/~tylecr1/facade/CMP_facade_DB_base.zip,CC BY-SA 3.0,"R. Tylecek, R. Sara, CMP Prague (collected from various sources)"
cmp_b0275,https://cmp.felk.cvut.cz/~tylecr1/facade/CMP_facade_DB_base.zip,CC BY-SA 3.0,"R. Tylecek, R. Sara, CMP Prague (collected from various sources)"
cmp_b0276,https://cmp.felk.cvut.cz/~tylecr1/facade/CMP_facade_DB_base.zip,CC BY-SA 3.0,"R. Tylecek, R. Sara, CMP Prague (collected from various sources)"
cmp_b0277,https://cmp.felk.cvut.cz/~tylecr1/facade/CMP_facade_DB_base.zip,CC BY-SA 3.0,"R. Tylecek, R. Sara, CMP Prague (collected from various sources)"
cmp_b0278,https://cmp.felk.cvut.cz/~tylecr1/facade/CMP_facade_DB_base.zip,CC BY-SA 3.0,"R. Tylecek, R. Sara, CMP Prague (collected from various sources)"
cmp_b0279,https://cmp.felk.cvut.cz/~tylecr1/facade/CMP_facade_DB_base.zip,CC BY-SA 3.0,"R. Tylecek, R. Sara, CMP Prague (collected from various sources)"
cmp_b0280,https://cmp.felk.cvut.cz/~tylecr1/facade/CMP_facade_DB_base.zip,CC BY-SA 3.0,"R. Tylecek, R. Sara, CMP Prague (collected from various sources)"
cmp_b0281,https://cmp.felk.cvut.cz/~tylecr1/facade/CMP_facade_DB_base.zip,CC BY-SA 3.0,"R. Tylecek, R. Sara, CMP Prague (collected from various sources)"
cmp_b0282,https://cmp.felk.cvut.cz/~tylecr1/facade/CMP_facade_DB_base.zip,CC BY-SA 3.0,"R. Tylecek, R. Sara, CMP Prague (collected from various sources)"
cmp_b0283,https://cmp.felk.cvut.cz/~tylecr1/facade/CMP_facade_DB_base.zip,CC BY-SA 3.0,"R. Tylecek, R. Sara, CMP Prague (collected from various sources)"
cmp_b0284,https://cmp.felk.cvut.cz/~tylecr1/facade/CMP_facade_DB_base.zip,CC BY-SA 3.0,"R. Tylecek, R. Sara, CMP Prague (collected from various sources)"
cmp_b0285,https://cmp.felk.cvut.cz/~tylecr1/facade/CMP_facade_DB_base.zip,CC BY-SA 3.0,"R. Tylecek, R. Sara, CMP Prague (collected from various sources)"
cmp_b0286,https://cmp.felk.cvut.cz/~tylecr1/facade/CMP_facade_DB_base.zip,CC BY-SA 3.0,"R. Tylecek, R. Sara, CMP Prague (collected from various sources)"
cmp_b0287,https://cmp.felk.cvut.cz/~tylecr1/facade/CMP_facade_DB_base.zip,CC BY-SA 3.0,"R. Tylecek, R. Sara, CMP Prague (collected from various sources)"
cmp_b0288,https://cmp.felk.cvut.cz/~tylecr1/facade/CMP_facade_DB_base.zip,CC BY-SA 3.0,"R. Tylecek, R. Sara, CMP Prague (collected from various sources)"
cmp_b0289,https://cmp.felk.cvut.cz/~tylecr1/facade/CMP_facade_DB_base.zip,CC BY-SA 3.0,"R. Tylecek, R. Sara, CMP Prague (collected from various sources)"
cmp_b0290,https://cmp.felk.cvut.cz/~tylecr1/facade/CMP_facade_DB_base.zip,CC BY-SA 3.0,"R. Tylecek, R. Sara, CMP Prague (collected from various sources)"
cmp_b0291,https://cmp.felk.cvut.cz/~tylecr1/facade/CMP_facade_DB_base.zip,CC BY-SA 3.0,"R. Tylecek, R. Sara, CMP Prague (collected from various sources)"
cmp_b0292,https://cmp.felk.cvut.cz/~tylecr1/facade/CMP_facade_DB_base.zip,CC BY-SA 3.0,"R. Tylecek, R. Sara, CMP Prague (collected from various sources)"
cmp_b0293,https://cmp.felk.cvut.cz/~tylecr1/facade/CMP_facade_DB_base.zip,CC BY-SA 3.0,"R. Tylecek, R. Sara, CMP Prague (collected from various sources)"
cmp_b0294,https://cmp.felk.cvut.cz/~tylecr1/facade/CMP_facade_DB_base.zip,CC BY-SA 3.0,"R. Tylecek, R. Sara, CMP Prague (collected from various sources)"
cmp_b0295,https://cmp.felk.cvut.cz/~tylecr1/facade/CMP_facade_DB_base.zip,CC BY-SA 3.0,"R. Tylecek, R. Sara, CMP Prague (collected from various sources)"
cmp_b0296,https://cmp.felk.cvut.cz/~tylecr1/facade/CMP_facade_DB_base.zip,CC BY-SA 3.0,"R. Tylecek, R. Sara, CMP Prague (collected from various sources)"
cmp_b0297,https://cmp.felk.cvut.cz/~tylecr1/facade/CMP_facade_DB_base.zip,CC BY-SA 3.0,"R. Tylecek, R. Sara, CMP Prague (collected from various sources)"
cmp_b0298,https://cmp.felk.cvut.cz/~tylecr1/facade/CMP_facade_DB_base.zip,CC BY-SA 3.0,"R. Tylecek, R. Sara, CMP Prague (collected from various sources)"
cmp_b0299,https://cmp.felk.cvut.cz/~tylecr1/facade/CMP_facade_DB_base.zip,CC BY-SA 3.0,"R. Tylecek, R. Sara, CMP Prague (collected from various sources)"
cmp_b0300,https://cmp.felk.cvut.cz/~tylecr1/facade/CMP_facade_DB_base.zip,CC BY-SA 3.0,"R. Tylecek, R. Sara, CMP Prague (collected from various sources)"
cmp_b0301,https://cmp.felk.cvut.cz/~tylecr1/facade/CMP_facade_DB_base.zip,CC BY-SA 3.0,"R. Tylecek, R. Sara, CMP Prague (collected from various sources)"
cmp_b0302,https://cmp.felk.cvut.cz/~tylecr1/facade/CMP_facade_DB_base.zip,CC BY-SA 3.0,"R. Tylecek, R. Sara, CMP Prague (collected from various sources)"
cmp_b0303,https://cmp.felk.cvut.cz/~tylecr1/facade/CMP_facade_DB_base.zip,CC BY-SA 3.0,"R. Tylecek, R. Sara, CMP Prague (collected from various sources)"
cmp_b0304,https://cmp.felk.cvut.cz/~tylecr1/facade/CMP_facade_DB_base.zip,CC BY-SA 3.0,"R. Tylecek, R. Sara, CMP Prague (collected from various sources)"
cmp_b0305,https://cmp.felk.cvut.cz/~tylecr1/facade/CMP_facade_DB_base.zip,CC BY-SA 3.0,"R. Tylecek, R. Sara, CMP Prague (collected from various sources)"
cmp_b0306,https://cmp.felk.cvut.cz/~tylecr1/facade/CMP_facade_DB_base.zip,CC BY-SA 3.0,"R. Tylecek, R. Sara, CMP Prague (collected from various sources)"
cmp_b0307,https://cmp.felk.cvut.cz/~tylecr1/facade/CMP_facade_DB_base.zip,CC BY-SA 3.0,"R. Tylecek, R. Sara, CMP Prague (collected from various sources)"
cmp_b0308,https://cmp.felk.cvut.cz/~tylecr1/facade/CMP_facade_DB_base.zip,CC BY-SA 3.0,"R. Tylecek, R. Sara, CMP Prague (collected from various sources)"
cmp_b0309,https://cmp.felk.cvut.cz/~tylecr1/facade/CMP_facade_DB_base.zip,CC BY-SA 3.0,"R. Tylecek, R. Sara, CMP Prague (collected from various sources)"
cmp_b0310,https://cmp.felk.cvut.cz/~tylecr1/facade/CMP_facade_DB_base.zip,CC BY-SA 3.0,"R. Tylecek, R. Sara, CMP Prague (collected from various sources)"
cmp_b0311,https://cmp.felk.cvut.cz/~tylecr1/facade/CMP_facade_DB_base.zip,CC BY-SA 3.0,"R. Tylecek, R. Sara, CMP Prague (collected from various sources)"
cmp_b0312,https://cmp.felk.cvut.cz/~tylecr1/facade/CMP_facade_DB_base.zip,CC BY-SA 3.0,"R. Tylecek, R. Sara, CMP Prague (collected from various sources)"
cmp_b0313,https://cmp.felk.cvut.cz/~tylecr1/facade/CMP_facade_DB_base.zip,CC BY-SA 3.0,"R. Tylecek, R. Sara, CMP Prague (collected from various sources)"
cmp_b0314,https://cmp.felk.cvut.cz/~tylecr1/facade/CMP_facade_DB_base.zip,CC BY-SA 3.0,"R. Tylecek, R. Sara, CMP Prague (collected from various sources)"
cmp_b0315,https://cmp.felk.cvut.cz/~tylecr1/facade/CMP_facade_DB_base.zip,CC BY-SA 3.0,"R. Tylecek, R. Sara, CMP Prague (collected from various sources)"
cmp_b0316,https://cmp.felk.cvut.cz/~tylecr1/facade/CMP_facade_DB_base.zip,CC BY-SA 3.0,"R. Tylecek, R. Sara, CMP Prague (collected from various sources)"
cmp_b0317,https://cmp.felk.cvut.cz/~tylecr1/facade/CMP_facade_DB_base.zip,CC BY-SA 3.0,"R. Tylecek, R. Sara, CMP Prague (collected from various sources)"
cmp_b0318,https://cmp.felk.cvut.cz/~tylecr1/facade/CMP_facade_DB_base.zip,CC BY-SA 3.0,"R. Tylecek, R. Sara, CMP Prague (collected from various sources)"
cmp_b0319,https://cmp.felk.cvut.cz/~tylecr1/facade/CMP_facade_DB_base.zip,CC BY-SA 3.0,"R. Tylecek, R. Sara, CMP Prague (collected from various sources)"
cmp_b0320,https://cmp.felk.cvut.cz/~tylecr1/facade/CMP_facade_DB_base.zip,CC BY-SA 3.0,"R. Tylecek, R. Sara, CMP Prague (collected from various sources)"
cmp_b0321,https://cmp.felk.cvut.cz/~tylecr1/facade/CMP_facade_DB_base.zip,CC BY-SA 3.0,"R. Tylecek, R. Sara, CMP Prague (collected from various sources)"
cmp_b0322,https://cmp.felk.cvut.cz/~tylecr1/facade/CMP_facade_DB_base.zip,CC BY-SA 3.0,"R. Tylecek, R. Sara, CMP Prague (collected from various sources)"
cmp_b0323,https://cmp.felk.cvut.cz/~tylecr1/facade/CMP_facade_DB_base.zip,CC BY-SA 3.0,"R. Tylecek, R. Sara, CMP Prague (collected from various sources)"
cmp_b0324,https://cmp.felk.cvut.cz/~tylecr1/facade/CMP_facade_DB_base.zip,CC BY-SA 3.0,"R. Tylecek, R. Sara, CMP Prague (collected from various sources)"
cmp_b0325,https://cmp.felk.cvut.cz/~tylecr1/facade/CMP_facade_DB_base.zip,CC BY-SA 3.0,"R. Tylecek, R. Sara, CMP Prague (collected from various sources)"
cmp_b0326,https://cmp.felk.cvut.cz/~tylecr1/facade/CMP_facade_DB_base.zip,CC BY-SA 3.0,"R. Tylecek, R. Sara, CMP Prague (collected from various sources)"
cmp_b0327,https://cmp.felk.cvut.cz/~tylecr1/facade/CMP_facade_DB_base.zip,CC BY-SA 3.0,"R. Tylecek, R. Sara, CMP Prague (collected from various sources)"
cmp_b0328,https://cmp.felk.cvut.cz/~tylecr1/facade/CMP_facade_DB_base.zip,CC BY-SA 3.0,"R. Tylecek, R. Sara, CMP Prague (collected from various sources)"
cmp_b0329,https://cmp.felk.cvut.cz/~tylecr1/facade/CMP_facade_DB_base.zip,CC BY-SA 3.0,"R. Tylecek, R. Sara, CMP Prague (collected from various sources)"
cmp_b0330,https://cmp.felk.cvut.cz/~tylecr1/facade/CMP_facade_DB_base.zip,CC BY-SA 3.0,"R. Tylecek, R. Sara, CMP Prague (collected from various sources)"
cmp_b0331,https://cmp.felk.cvut.cz/~tylecr1/facade/CMP_facade_DB_base.zip,CC BY-SA 3.0,"R. Tylecek, R. Sara, CMP Prague (collected from various sources)"
cmp_b0332,https://cmp.felk.cvut.cz/~tylecr1/facade/CMP_facade_DB_base.zip,CC BY-SA 3.0,"R. Tylecek, R. Sara, CMP Prague (collected from various sources)"
cmp_b0333,https://cmp.felk.cvut.cz/~tylecr1/facade/CMP_facade_DB_base.zip,CC BY-SA 3.0,"R. Tylecek, R. Sara, CMP Prague (collected from various sources)"
cmp_b0334,https://cmp.felk.cvut.cz/~tylecr1/facade/CMP_facade_DB_base.zip,CC BY-SA 3.0,"R. Tylecek, R. Sara, CMP Prague (collected from various sources)"
cmp_b0335,https://cmp.felk.cvut.cz/~tylecr1/facade/CMP_facade_DB_base.zip,CC BY-SA 3.0,"R. Tylecek, R. Sara, CMP Prague (collected from various sources)"
cmp_b0336,https://cmp.felk.cvut.cz/~tylecr1/facade/CMP_facade_DB_base.zip,CC BY-SA 3.0,"R. Tylecek, R. Sara, CMP Prague (collected from various sources)"
cmp_b0337,https://cmp.felk.cvut.cz/~tylecr1/facade/CMP_facade_DB_base.zip,CC BY-SA 3.0,"R. Tylecek, R. Sara, CMP Prague (collected from various sources)"
cmp_b0338,https://cmp.felk.cvut.cz/~tylecr1/facade/CMP_facade_DB_base.zip,CC BY-SA 3.0,"R. Tylecek, R. Sara, CMP Prague (collected from various sources)"
cmp_b0339,https://cmp.felk.cvut.cz/~tylecr1/facade/CMP_facade_DB_base.zip,CC BY-SA 3.0,"R. Tylecek, R. Sara, CMP Prague (collected from various sources)"
cmp_b0340,https://cmp.felk.cvut.cz/~tylecr1/facade/CMP_facade_DB_base.zip,CC BY-SA 3.0,"R. Tylecek, R. Sara, CMP Prague (collected from various sources)"
cmp_b0341,https://cmp.felk.cvut.cz/~tylecr1/facade/CMP_facade_DB_base.zip,CC BY-SA 3.0,"R. Tylecek, R. Sara, CMP Prague (collected from various sources)"
cmp_b0342,https://cmp.felk.cvut.cz/~tylecr1/facade/CMP_facade_DB_base.zip,CC BY-SA 3.0,"R. Tylecek, R. Sara, CMP Prague (collected from various sources)"
cmp_b0343,https://cmp.felk.cvut.cz/~tylecr1/facade/CMP_facade_DB_base.zip,CC BY-SA 3.0,"R. Tylecek, R. Sara, CMP Prague (collected from various sources)"
cmp_b0344,https://cmp.felk.cvut.cz/~tylecr1/facade/CMP_facade_DB_base.zip,CC BY-SA 3.0,"R. Tylecek, R. Sara, CMP Prague (collected from various sources)"
cmp_b0345,https://cmp.felk.cvut.cz/~tylecr1/facade/CMP_facade_DB_base.zip,CC BY-SA 3.0,"R. Tylecek, R. Sara, CMP Prague (collected from various sources)"
cmp_b0346,https://cmp.felk.cvut.cz/~tylecr1/facade/CMP_facade_DB_base.zip,CC BY-SA 3.0,"R. Tylecek, R. Sara, CMP Prague (collected from various sources)"
cmp_b0347,https://cmp.felk.cvut.cz/~tylecr1/facade/CMP_facade_DB_base.zip,CC BY-SA 3.0,"R. Tylecek, R. Sara, CMP Prague (collected from various sources)"
cmp_b0348,https://cmp.felk.cvut.cz/~tylecr1/facade/CMP_facade_DB_base.zip,CC BY-SA 3.0,"R. Tylecek, R. Sara, CMP Prague (collected from various sources)"
cmp_b0349,https://cmp.felk.cvut.cz/~tylecr1/facade/CMP_facade_DB_base.zip,CC BY-SA 3.0,"R. Tylecek, R. Sara, CMP Prague (collected from various sources)"
cmp_b0350,https://cmp.felk.cvut.cz/~tylecr1/facade/CMP_facade_DB_base.zip,CC BY-SA 3.0,"R. Tylecek, R. Sara, CMP Prague (collected from various sources)"
cmp_b0351,https://cmp.felk.cvut.cz/~tylecr1/facade/CMP_facade_DB_base.zip,CC BY-SA 3.0,"R. Tylecek, R. Sara, CMP Prague (collected from various sources)"
cmp_b0352,https://cmp.felk.cvut.cz/~tylecr1/facade/CMP_facade_DB_base.zip,CC BY-SA 3.0,"R. Tylecek, R. Sara, CMP Prague (collected from various sources)"
cmp_b0353,https://cmp.felk.cvut.cz/~tylecr1/facade/CMP_facade_DB_base.zip,CC BY-SA 3.0,"R. Tylecek, R. Sara, CMP Prague (collected from various sources)"
cmp_b0354,https://cmp.felk.cvut.cz/~tylecr1/facade/CMP_facade_DB_base.zip,CC BY-SA 3.0,"R. Tylecek, R. Sara, CMP Prague (collected from various sources)"
cmp_b0355,https://cmp.felk.cvut.cz/~tylecr1/facade/CMP_facade_DB_base.zip,CC BY-SA 3.0,"R. Tylecek, R. Sara, CMP Prague (collected from various sources)"
cmp_b0356,https://cmp.felk.cvut.cz/~tylecr1/facade/CMP_facade_DB_base.zip,CC BY-SA 3.0,"R. Tylecek, R. Sara, CMP Prague (collected from various sources)"
cmp_b0357,https://cmp.felk.cvut.cz/~tylecr1/facade/CMP_facade_DB_base.zip,CC BY-SA 3.0,"R. Tylecek, R. Sara, CMP Prague (collected from various sources)"
cmp_b0358,https://cmp.felk.cvut.cz/~tylecr1/facade/CMP_facade_DB_base.zip,CC BY-SA 3.0,"R. Tylecek, R. Sara, CMP Prague (collected from various sources)"
cmp_b0359,https://cmp.felk.cvut.cz/~tylecr1/facade/CMP_facade_DB_base.zip,CC BY-SA 3.0,"R. Tylecek, R. Sara, CMP Prague (collected from various sources)"
cmp_b0360,https://cmp.felk.cvut.cz/~tylecr1/facade/CMP_facade_DB_base.zip,CC BY-SA 3.0,"R. Tylecek, R. Sara, CMP Prague (collected from various sources)"
cmp_b0361,https://cmp.felk.cvut.cz/~tylecr1/facade/CMP_facade_DB_base.zip,CC BY-SA 3.0,"R. Tylecek, R. Sara, CMP Prague (collected from various sources)"
cmp_b0362,https://cmp.felk.cvut.cz/~tylecr1/facade/CMP_facade_DB_base.zip,CC BY-SA 3.0,"R. Tylecek, R. Sara, CMP Prague (collected from various sources)"
cmp_b0363,https://cmp.felk.cvut.cz/~tylecr1/facade/CMP_facade_DB_base.zip,CC BY-SA 3.0,"R. Tylecek, R. Sara, CMP Prague (collected from various sources)"
cmp_b0364,https://cmp.felk.cvut.cz/~tylecr1/facade/CMP_facade_DB_base.zip,CC BY-SA 3.0,"R. Tylecek, R. Sara, CMP Prague (collected from various sources)"
cmp_b0365,https://cmp.felk.cvut.cz/~tylecr1/facade/CMP_facade_DB_base.zip,CC BY-SA 3.0,"R. Tylecek, R. Sara, CMP Prague (collected from various sources)"
cmp_b0366,https://cmp.felk.cvut.cz/~tylecr1/facade/CMP_facade_DB_base.zip,CC BY-SA 3.0,"R. Tylecek, R. Sara, CMP Prague (collected from various sources)"
cmp_b0367,https://cmp.felk.cvut.cz/~tylecr1/facade/CMP_facade_DB_base.zip,CC BY-SA 3.0,"R. Tylecek, R. Sara, CMP Prague (collected from various sources)"
cmp_b0368,https://cmp.felk.cvut.cz/~tylecr1/facade/CMP_facade_DB_base.zip,CC BY-SA 3.0,"R. Tylecek, R. Sara, CMP Prague (collected from various sources)"
cmp_b0369,https://cmp.felk.cvut.cz/~tylecr1/facade/CMP_facade_DB_base.zip,CC BY-SA 3.0,"R. Tylecek, R. Sara, CMP Prague (collected from various sources)"
cmp_b0370,https://cmp.felk.cvut.cz/~tylecr1/facade/CMP_facade_DB_base.zip,CC BY-SA 3.0,"R. Tylecek, R. Sara, CMP Prague (collected from various sources)"
cmp_b0371,https://cmp.felk.cvut.cz/~tylecr1/facade/CMP_facade_DB_base.zip,CC BY-SA 3.0,"R. Tylecek, R. Sara, CMP Prague (collected from various sources)"
cmp_b0372,https://cmp.felk.cvut.cz/~tylecr1/facade/CMP_facade_DB_base.zip,CC BY-SA 3.0,"R. Tylecek, R. Sara, CMP Prague (collected from various sources)"
cmp_b0373,https://cmp.felk.cvut.cz/~tylecr1/facade/CMP_facade_DB_base.zip,CC BY-SA 3.0,"R. Tylecek, R. Sara, CMP Prague (collected from various sources)"
cmp_b0374,https://cmp.felk.cvut.cz/~tylecr1/facade/CMP_facade_DB_base.zip,CC BY-SA 3.0,"R. Tylecek, R. Sara, CMP Prague (collected from various sources)"
cmp_b0375,https://cmp.felk.cvut.cz/~tylecr1/facade/CMP_facade_DB_base.zip,CC BY-SA 3.0,"R. Tylecek, R. Sara, CMP Prague (collected from various sources)"
cmp_b0376,https://cmp.felk.cvut.cz/~tylecr1/facade/CMP_facade_DB_base.zip,CC BY-SA 3.0,"R. Tylecek, R. Sara, CMP Prague (collected from various sources)"
cmp_b0377,https://cmp.felk.cvut.cz/~tylecr1/facade/CMP_facade_DB_base.zip,CC BY-SA 3.0,"R. Tylecek, R. Sara, CMP Prague (collected from various sources)"
cmp_b0378,https://cmp.felk.cvut.cz/~tylecr1/facade/CMP_facade_DB_base.zip,CC BY-SA 3.0,"R. Tylecek, R. Sara, CMP Prague (collected from various sources)"
