image_id,split,source_url,landing_url,license,author
0134f2780183e5b9,test,https://open-images-dataset.s3.amazonaws.com/test/0134f2780183e5b9.jpg,https://www.flickr.com/photos/juhansonin/318623998,https://creativecommons.org/licenses/by/2.0/,Juhan Sonin
01f110a4290f3df0,test,https://open-images-dataset.s3.amazonaws.com/test/01f110a4290f3df0.jpg,https://www.flickr.com/photos/michaelrperry/9491660013,https://creativecommons.org/licenses/by/2.0/,Michael R Perry
02608695ddead637,validation,https://open-images-dataset.s3.amazonaws.com/validation/02608695ddead637.jpg,https://www.flickr.com/photos/35632217@N05/12737278815,https://creativecommons.org/licenses/by/2.0/,dvdmnk
02c221b14cbcc489,test,https://open-images-dataset.s3.amazonaws.com/test/02c221b14cbcc489.jpg,https://www.flickr.com/photos/limaoscarjuliet/15657181832,https://creativecommons.org/licenses/by/2.0/,Pawel Loj
03fa9b3bec860271,test,https://open-images-dataset.s3.amazonaws.com/test/03fa9b3bec860271.jpg,https://www.flickr.com/photos/kenspix/51878737,https://creativecommons.org/licenses/by/2.0/,Ken Ratcliff
04e69733fd83aa83,test,https://open-images-dataset.s3.amazonaws.com/test/04e69733fd83aa83.jpg,https://www.flickr.com/photos/noaaphotolib/9715913097,https://creativecommons.org/licenses/by/2.0/,NOAA Photo Library
05758addf1bf4dcf,validation,https://open-images-dataset.s3.amazonaws.com/validation/05758addf1bf4dcf.jpg,https://www.flickr.com/photos/alainalele/14916691525,https://creativecommons.org/licenses/by/2.0/,alainalele
0738bab1cf81a052,test,https://open-images-dataset.s3.amazonaws.com/test/0738bab1cf81a052.jpg,https://www.flickr.com/photos/cleverclevergirl/8328184688,https://creativecommons.org/licenses/by/2.0/,cleverclevergirl
07d46fef3eadea5b,test,https://open-images-dataset.s3.amazonaws.com/test/07d46fef3eadea5b.jpg,https://www.flickr.com/photos/huggleperson/8126035623,https://creativecommons.org/licenses/by/2.0/,Matthew Britton
08bc0a04429593d5,test,https://open-images-dataset.s3.amazonaws.com/test/08bc0a04429593d5.jpg,https://www.flickr.com/photos/timquijano/4874638707,https://creativecommons.org/licenses/by/2.0/,timquijano
0a2cf53024e61c5c,test,https://open-images-dataset.s3.amazonaws.com/test/0a2cf53024e61c5c.jpg,https://www.flickr.com/photos/sddunne/4106307287,https://creativecommons.org/licenses/by/2.0/,Sean Dunne
0ce960b8d36cc629,validation,https://open-images-dataset.s3.amazonaws.com/validation/0ce960b8d36cc629.jpg,https://www.flickr.com/photos/57574030@N08/19851384311,https://creativecommons.org/licenses/by/2.0/,Raúl  Arias
1229d5e203956ac6,validation,https://open-images-dataset.s3.amazonaws.com/validation/1229d5e203956ac6.jpg,https://www.flickr.com/photos/heatheronhertravels/2276798529,https://creativecommons.org/licenses/by/2.0/,Heather Cowper
13d3833c98ab3d3e,test,https://open-images-dataset.s3.amazonaws.com/test/13d3833c98ab3d3e.jpg,https://www.flickr.com/photos/dimnikolov/3775350793/,https://creativecommons.org/licenses/by/2.0/,Dimitar Nikolov
1420d7e09988db90,test,https://open-images-dataset.s3.amazonaws.com/test/1420d7e09988db90.jpg,https://www.flickr.com/photos/diversey/460103946/,https://creativecommons.org/licenses/by/2.0/,Tony Webster
1699f9150f5b86d9,test,https://open-images-dataset.s3.amazonaws.com/test/1699f9150f5b86d9.jpg,https://www.flickr.com/photos/acebal/3803690117,https://creativecommons.org/licenses/by/2.0/,acebal
16afaa3f9170ce43,test,https://open-images-dataset.s3.amazonaws.com/test/16afaa3f9170ce43.jpg,https://www.flickr.com/photos/gerard_colombat/14475872577,https://creativecommons.org/licenses/by/2.0/,Gérard Colombat
189faddbdffef535,test,https://open-images-dataset.s3.amazonaws.com/test/189faddbdffef535.jpg,https://www.flickr.com/photos/jimmy_macdonald/19916474534,https://creativecommons.org/licenses/by/2.0/,James MacDonald
1a91493d82d02f41,validation,https://open-images-dataset.s3.amazonaws.com/validation/1a91493d82d02f41.jpg,https://www.flickr.com/photos/tekaybe/7951307286,https://creativecommons.org/licenses/by/2.0/,tekaybe
1ab03e024f48c23d,test,https://open-images-dataset.s3.amazonaws.com/test/1ab03e024f48c23d.jpg,https://www.flickr.com/photos/vancour/8172701465,https://creativecommons.org/licenses/by/2.0/,Vanessa Vancour
1b32c573daac7982,test,https://open-images-dataset.s3.amazonaws.com/test/1b32c573daac7982.jpg,https://www.flickr.com/photos/mdpettitt/1678899017,https://creativecommons.org/licenses/by/2.0/,Martin Pettitt
1b6ef41ff63e94e7,test,https://open-images-dataset.s3.amazonaws.com/test/1b6ef41ff63e94e7.jpg,https://www.flickr.com/photos/ginnylgorman/4698542480,https://creativecommons.org/licenses/by/2.0/,Ginny Lacey Gorman
1c0e64ba72ff8a71,test,https://open-images-dataset.s3.amazonaws.com/test/1c0e64ba72ff8a71.jpg,https://www.flickr.com/photos/marismith/16123074385,https://creativecommons.org/licenses/by/2.0/,Mari Smith
1f60b3da9413c839,test,https://open-images-dataset.s3.amazonaws.com/test/1f60b3da9413c839.jpg,https://www.flickr.com/photos/danielhargrave/9473722455,https://creativecommons.org/licenses/by/2.0/,Daniel Hargrave
1fc6d80f8cb3494a,validation,https://open-images-dataset.s3.amazonaws.com/validation/1fc6d80f8cb3494a.jpg,https://www.flickr.com/photos/yellowbookltd/3646580813,https://creativecommons.org/licenses/by/2.0/,John Lord
2316f65a43254b27,test,https://open-images-dataset.s3.amazonaws.com/test/2316f65a43254b27.jpg,https://www.flickr.com/photos/duncanh1/8067849940,https://creativecommons.org/licenses/by/2.0/,DncnH
248fe7db7f7c631f,test,https://open-images-dataset.s3.amazonaws.com/test/248fe7db7f7c631f.jpg,https://www.flickr.com/photos/25165196@N08/7087438247,https://creativecommons.org/licenses/by/2.0/,Nitram242
25349f8128fcb899,test,https://open-images-dataset.s3.amazonaws.com/test/25349f8128fcb899.jpg,https://www.flickr.com/photos/puptoes74/4781150390,https://creativecommons.org/licenses/by/2.0/,Shelley Rodrigo
255044491f5a7583,validation,https://open-images-dataset.s3.amazonaws.com/validation/255044491f5a7583.jpg,https://www.flickr.com/photos/inmyflippiefloppies/5678410366,https://creativecommons.org/licenses/by/2.0/,Athena Lao
27d981f62241e3b5,test,https://open-images-dataset.s3.amazonaws.com/test/27d981f62241e3b5.jpg,https://www.flickr.com/photos/carlosluna/2340966486,https://creativecommons.org/licenses/by/2.0/,Carlos Luna
2c987e288bf37916,test,https://open-images-dataset.s3.amazonaws.com/test/2c987e288bf37916.jpg,https://www.flickr.com/photos/rdecom/19388704649,https://creativecommons.org/licenses/by/2.0/,U.S. Army RDECOM
2da44155aa979668,test,https://open-images-dataset.s3.amazonaws.com/test/2da44155aa979668.jpg,https://www.flickr.com/photos/paparutzi/175616626,https://creativecommons.org/licenses/by/2.0/,christina rutz
2ed000d799794d71,validation,https://open-images-dataset.s3.amazonaws.com/validation/2ed000d799794d71.jpg,https://www.flickr.com/photos/65119345@N00/3509693130,https://creativecommons.org/licenses/by/2.0/,Suzanne LaGasa
2f6ce20f6f244efe,test,https://open-images-dataset.s3.amazonaws.com/test/2f6ce20f6f244efe.jpg,https://www.flickr.com/photos/see-through-the-eye-of-g/5311897607,https://creativecommons.org/licenses/by/2.0/,GollyGforce - Living My Worst Nightmare
307e1c5a744030a1,validation,https://open-images-dataset.s3.amazonaws.com/validation/307e1c5a744030a1.jpg,https://www.flickr.com/photos/jerrroen/2437735651,https://creativecommons.org/licenses/by/2.0/,Jeroen
316480418ddc8792,test,https://open-images-dataset.s3.amazonaws.com/test/316480418ddc8792.jpg,https://www.flickr.com/photos/cvilletomorrow/2414121694,https://creativecommons.org/licenses/by/2.0/,Charlottesville Tomorrow
341d77a8f5bb354b,validation,https://open-images-dataset.s3.amazonaws.com/validation/341d77a8f5bb354b.jpg,https://www.flickr.com/photos/beckysnyder/3964694615,https://creativecommons.org/licenses/by/2.0/,Becky Snyder
385b2ec824e8994e,test,https://open-images-dataset.s3.amazonaws.com/test/385b2ec824e8994e.jpg,https://www.flickr.com/photos/linsinchen/6932439538/,https://creativecommons.org/licenses/by/2.0/,Sinchen.Lin
38c3add00ff3575f,test,https://open-images-dataset.s3.amazonaws.com/test/38c3add00ff3575f.jpg,https://www.flickr.com/photos/00dann/162651542,https://creativecommons.org/licenses/by/2.0/,dann toliver
396b3a50373daad4,validation,https://open-images-dataset.s3.amazonaws.com/validation/396b3a50373daad4.jpg,https://www.flickr.com/photos/sivvamyndir/13226571803,https://creativecommons.org/licenses/by/2.0/,Sivva Eysteins
3f300c38cdc770f0,test,https://open-images-dataset.s3.amazonaws.com/test/3f300c38cdc770f0.jpg,https://www.flickr.com/photos/mickyshoots/16818539447,https://creativecommons.org/licenses/by/2.0/,Ethan McCandless
40da7d2ae3dfe2c1,test,https://open-images-dataset.s3.amazonaws.com/test/40da7d2ae3dfe2c1.jpg,https://www.flickr.com/photos/listingslab/10834653535,https://creativecommons.org/licenses/by/2.0/,Chris Dorward
455d86cae47f90fb,test,https://open-images-dataset.s3.amazonaws.com/test/455d86cae47f90fb.jpg,https://www.flickr.com/photos/folkehjelp/14955727112,https://creativecommons.org/licenses/by/2.0/,Norsk Folkehjelp Norwegian People&#x27;s Aid
45d22258771be4e6,test,https://open-images-dataset.s3.amazonaws.com/test/45d22258771be4e6.jpg,https://www.flickr.com/photos/nukeit1/354446814,https://creativecommons.org/licenses/by/2.0/,James McCauley
45f754298d5a912a,validation,https://open-images-dataset.s3.amazonaws.com/validation/45f754298d5a912a.jpg,https://www.flickr.com/photos/starwells/7004334868,https://creativecommons.org/licenses/by/2.0/,Tara Wells
45fc396755bccbfc,validation,https://open-images-dataset.s3.amazonaws.com/validation/45fc396755bccbfc.jpg,https://www.flickr.com/photos/deidrew/6724208921,https://creativecommons.org/licenses/by/2.0/,Deidre Woollard
46d92c63bac4fbb3,validation,https://open-images-dataset.s3.amazonaws.com/validation/46d92c63bac4fbb3.jpg,https://www.flickr.com/photos/wlcutler/7340365028,https://creativecommons.org/licenses/by/2.0/,Wendy Cutler
49567019a665a27b,validation,https://open-images-dataset.s3.amazonaws.com/validation/49567019a665a27b.jpg,https://www.flickr.com/photos/alan-light/5846509966,https://creativecommons.org/licenses/by/2.0/,Alan Light
49dd1d651d50df52,test,https://open-images-dataset.s3.amazonaws.com/test/49dd1d651d50df52.jpg,https://www.flickr.com/photos/conbon/2253532664,https://creativecommons.org/licenses/by/2.0/,Connie
4aa6f8e23bbaf89c,validation,https://open-images-dataset.s3.amazonaws.com/validation/4aa6f8e23bbaf89c.jpg,https://www.flickr.com/photos/arjun/9594038267/,https://creativecommons.org/licenses/by/2.0/,Arjun Singh
4c24b6dbd820e52b,validation,https://open-images-dataset.s3.amazonaws.com/validation/4c24b6dbd820e52b.jpg,https://www.flickr.com/photos/jasoneppink/199337842,https://creativecommons.org/licenses/by/2.0/,Jason Eppink
4ef25467bc5660ad,test,https://open-images-dataset.s3.amazonaws.com/test/4ef25467bc5660ad.jpg,https://www.flickr.com/photos/34517490@N00/6136810623,https://creativecommons.org/licenses/by/2.0/,Nick
4f69cc4fe7ba0b42,test,https://open-images-dataset.s3.amazonaws.com/test/4f69cc4fe7ba0b42.jpg,https://www.flickr.com/photos/fdecomite/15082676606,https://creativecommons.org/licenses/by/2.0/,fdecomite
4f8085f1a9fc3bb7,validation,https://open-images-dataset.s3.amazonaws.com/validation/4f8085f1a9fc3bb7.jpg,https://www.flickr.com/photos/hombit/9860008455,https://creativecommons.org/licenses/by/2.0/,Konstantin Malanchev
52f38994b183f105,validation,https://open-images-dataset.s3.amazonaws.com/validation/52f38994b183f105.jpg,https://www.flickr.com/photos/pedrosimoes7/5126757243,https://creativecommons.org/licenses/by/2.0/,Pedro Ribeiro Simões
5353800ad09ae19c,validation,https://open-images-dataset.s3.amazonaws.com/validation/5353800ad09ae19c.jpg,https://www.flickr.com/photos/sttammany/16616540169,https://creativecommons.org/licenses/by/2.0/,Saint Tammany
56c2867cd3bf62c6,validation,https://open-images-dataset.s3.amazonaws.com/validation/56c2867cd3bf62c6.jpg,https://www.flickr.com/photos/martin_thomas/7047923769,https://creativecommons.org/licenses/by/2.0/,Martin Thomas
5807548c98054d4b,test,https://open-images-dataset.s3.amazonaws.com/test/5807548c98054d4b.jpg,https://www.flickr.com/photos/andrewbain/774875515,https://creativecommons.org/licenses/by/2.0/,Taber Andrew Bain
58115705825b929b,test,https://open-images-dataset.s3.amazonaws.com/test/58115705825b929b.jpg,https://www.flickr.com/photos/the_tahoe_guy/3182849497,https://creativecommons.org/licenses/by/2.0/,the_tahoe_guy
5936ba52f8a2dab6,test,https://open-images-dataset.s3.amazonaws.com/test/5936ba52f8a2dab6.jpg,https://www.flickr.com/photos/piitaaraq/3345166065,https://creativecommons.org/licenses/by/2.0/,Peter Løvstrøm
59ecf5f646729eb4,test,https://open-images-dataset.s3.amazonaws.com/test/59ecf5f646729eb4.jpg,https://www.flickr.com/photos/28686077@N06/14409767060,https://creativecommons.org/licenses/by/2.0/,mj.ostergren
5a8d9af59865bd00,test,https://open-images-dataset.s3.amazonaws.com/test/5a8d9af59865bd00.jpg,https://www.flickr.com/photos/reemul/8106570891,https://creativecommons.org/licenses/by/2.0/,Iain A Wanless
5cc1704944b81440,test,https://open-images-dataset.s3.amazonaws.com/test/5cc1704944b81440.jpg,https://www.flickr.com/photos/thinksaurabh/4780644841,https://creativecommons.org/licenses/by/2.0/,Saurabh Tewari
61d3666c8fee93ce,test,https://open-images-dataset.s3.amazonaws.com/test/61d3666c8fee93ce.jpg,https://www.flickr.com/photos/roryfinneren/15245778543,https://creativecommons.org/licenses/by/2.0/,Rory Finneren
630247b99c25edb8,test,https://open-images-dataset.s3.amazonaws.com/test/630247b99c25edb8.jpg,https://www.flickr.com/photos/seo2/266967024,https://creativecommons.org/licenses/by/2.0/,Cristian Borquez
63b95ba4a7b8393b,validation,https://open-images-dataset.s3.amazonaws.com/validation/63b95ba4a7b8393b.jpg,https://www.flickr.com/photos/yancy9a/3624548752,https://creativecommons.org/licenses/by/2.0/,yancy9
6bce20b38c67c651,test,https://open-images-dataset.s3.amazonaws.com/test/6bce20b38c67c651.jpg,https://www.flickr.com/photos/johnny_d_mitchell/2259328386,https://creativecommons.org/licenses/by/2.0/,John Mitchell
6ebfc50dc21e613c,test,https://open-images-dataset.s3.amazonaws.com/test/6ebfc50dc21e613c.jpg,https://www.flickr.com/photos/arenamontanus/3497238466,https://creativecommons.org/licenses/by/2.0/,Anders Sandberg
6ef668c9a50c988e,test,https://open-images-dataset.s3.amazonaws.com/test/6ef668c9a50c988e.jpg,https://www.flickr.com/photos/tylerbell/14497727445,https://creativecommons.org/licenses/by/2.0/,Tyler Bell
7140652c903769a8,test,https://open-images-dataset.s3.amazonaws.com/test/7140652c903769a8.jpg,https://www.flickr.com/photos/crondeau/14984296672,https://creativecommons.org/licenses/by/2.0/,Christine Rondeau
72ff88ebf2f73386,test,https://open-images-dataset.s3.amazonaws.com/test/72ff88ebf2f73386.jpg,https://www.flickr.com/photos/tvnewsbadge/8088858957,https://creativecommons.org/licenses/by/2.0/,tvnewsbadge
74625aa1f3df88bc,test,https://open-images-dataset.s3.amazonaws.com/test/74625aa1f3df88bc.jpg,https://www.flickr.com/photos/tostie14/157445434,https://creativecommons.org/licenses/by/2.0/,Kevin Tostado
74843c1fbab05395,test,https://open-images-dataset.s3.amazonaws.com/test/74843c1fbab05395.jpg,https://www.flickr.com/photos/abracoceara/6039191704,https://creativecommons.org/licenses/by/2.0/,Abraço Ceará
75546abc3fa8e5d6,validation,https://open-images-dataset.s3.amazonaws.com/validation/75546abc3fa8e5d6.jpg,https://www.flickr.com/photos/pandemia/525267713,https://creativecommons.org/licenses/by/2.0/,Luca Conti
788742c96a8f2fc5,test,https://open-images-dataset.s3.amazonaws.com/test/788742c96a8f2fc5.jpg,https://www.flickr.com/photos/noisecollusion/211438318,https://creativecommons.org/licenses/by/2.0/,Matthew Robinson
7b25926948b1a8bc,validation,https://open-images-dataset.s3.amazonaws.com/validation/7b25926948b1a8bc.jpg,https://www.flickr.com/photos/visitfingerlakes/5241861826,https://creativecommons.org/licenses/by/2.0/,Visit Finger Lakes
7da201ff76fe53fd,test,https://open-images-dataset.s3.amazonaws.com/test/7da201ff76fe53fd.jpg,https://www.flickr.com/photos/trixer/4398821122,https://creativecommons.org/licenses/by/2.0/,Thomas Ricker
7e01b3324b0d8fff,test,https://open-images-dataset.s3.amazonaws.com/test/7e01b3324b0d8fff.jpg,https://www.flickr.com/photos/hmrcgovuk/10673672153,https://creativecommons.org/licenses/by/2.0/,HM Revenue &amp; Customs
809fda59d61908d1,test,https://open-images-dataset.s3.amazonaws.com/test/809fda59d61908d1.jpg,https://www.flickr.com/photos/feriavalladolid/16297940227,https://creativecommons.org/licenses/by/2.0/,Feria de Valladolid
82ea27fe418454b8,test,https://open-images-dataset.s3.amazonaws.com/test/82ea27fe418454b8.jpg,https://www.flickr.com/photos/124229118@N04/14402773071/,https://creativecommons.org/licenses/by/2.0/,Briget Murphy
856c000622d66bd9,test,https://open-images-dataset.s3.amazonaws.com/test/856c000622d66bd9.jpg,https://www.flickr.com/photos/mdpettitt/4068897399,https://creativecommons.org/licenses/by/2.0/,Martin Pettitt
88fa97be6812e95c,test,https://open-images-dataset.s3.amazonaws.com/test/88fa97be6812e95c.jpg,https://www.flickr.com/photos/katinalynn/6160481724,https://creativecommons.org/licenses/by/2.0/,Katina Rogers
893c0faa944a869e,validation,https://open-images-dataset.s3.amazonaws.com/validation/893c0faa944a869e.jpg,https://www.flickr.com/photos/kasio69/10074137963,https://creativecommons.org/licenses/by/2.0/,Boris Kasimov
895aba91c4984127,test,https://open-images-dataset.s3.amazonaws.com/test/895aba91c4984127.jpg,https://www.flickr.com/photos/michael_mayer/7999468880,https://creativecommons.org/licenses/by/2.0/,Michael Mayer
8971c395b839d64f,test,https://open-images-dataset.s3.amazonaws.com/test/8971c395b839d64f.jpg,https://www.flickr.com/photos/37034324@N05/7232458062,https://creativecommons.org/licenses/by/2.0/,Adam Smok
89fb4f3b001d677e,validation,https://open-images-dataset.s3.amazonaws.com/validation/89fb4f3b001d677e.jpg,https://www.flickr.com/photos/amylovesyah/4434546018,https://creativecommons.org/licenses/by/2.0/,Amy
8da3d7c3edb36065,validation,https://open-images-dataset.s3.amazonaws.com/validation/8da3d7c3edb36065.jpg,https://www.flickr.com/photos/peterhess/9308532259,https://creativecommons.org/licenses/by/2.0/,Peter Alfred Hess
8f89b92788e23374,test,https://open-images-dataset.s3.amazonaws.com/test/8f89b92788e23374.jpg,https://www.flickr.com/photos/bunmun/4231018264,https://creativecommons.org/licenses/by/2.0/,Benjamin Wong
9233ea299e7d8629,test,https://open-images-dataset.s3.amazonaws.com/test/9233ea299e7d8629.jpg,https://www.flickr.com/photos/--sam--/16224158453,https://creativecommons.org/licenses/by/2.0/,Sam
94003f097439d999,validation,https://open-images-dataset.s3.amazonaws.com/validation/94003f097439d999.jpg,https://www.flickr.com/photos/governosp/15572858289,https://creativecommons.org/licenses/by/2.0/,Governo do Estado de São Paulo
96b573942e14da60,validation,https://open-images-dataset.s3.amazonaws.com/validation/96b573942e14da60.jpg,https://www.flickr.com/photos/kokorowa/2313373752,https://creativecommons.org/licenses/by/2.0/,kokorowashinjin
9a93c46479732559,test,https://open-images-dataset.s3.amazonaws.com/test/9a93c46479732559.jpg,https://www.flickr.com/photos/lavenderstreak/3028779542,https://creativecommons.org/licenses/by/2.0/,Cheryl Marland
9b05930340507dab,test,https://open-images-dataset.s3.amazonaws.com/test/9b05930340507dab.jpg,https://www.flickr.com/photos/gagarinone/11362695973,https://creativecommons.org/licenses/by/2.0/,Gagarin Miljkovich
9ba50cb2198a23d8,validation,https://open-images-dataset.s3.amazonaws.com/validation/9ba50cb2198a23d8.jpg,https://www.flickr.com/photos/rusty_clark/6235558536,https://creativecommons.org/licenses/by/2.0/,Rusty Clark - On the Air M-F 8am-noon
9d22b143ebbbb5c5,validation,https://open-images-dataset.s3.amazonaws.com/validation/9d22b143ebbbb5c5.jpg,https://www.flickr.com/photos/thesingingsailor/6919547627,https://creativecommons.org/licenses/by/2.0/,erules123
9f7f9572a18c47c3,validation,https://open-images-dataset.s3.amazonaws.com/validation/9f7f9572a18c47c3.jpg,https://www.flickr.com/photos/69807185@N02/11000966886,https://creativecommons.org/licenses/by/2.0/,Spittle Gauze
a03eb9f6ab163674,test,https://open-images-dataset.s3.amazonaws.com/test/a03eb9f6ab163674.jpg,https://www.flickr.com/photos/78752351@N03/11776348494,https://creativecommons.org/licenses/by/2.0/,Xenja Santarelli
a1d4fe8e382c66fe,test,https://open-images-dataset.s3.amazonaws.com/test/a1d4fe8e382c66fe.jpg,https://www.flickr.com/photos/tiarescott/33599658,https://creativecommons.org/licenses/by/2.0/,tiarescott
a31f8256bfdda98b,test,https://open-images-dataset.s3.amazonaws.com/test/a31f8256bfdda98b.jpg,https://www.flickr.com/photos/karenandbrademerson/8319328367,https://creativecommons.org/licenses/by/2.0/,Karen and Brad Emerson
a34fdece031851d7,test,https://open-images-dataset.s3.amazonaws.com/test/a34fdece031851d7.jpg,https://www.flickr.com/photos/vladimir04/5533799896,https://creativecommons.org/licenses/by/2.0/,vl04
a9270d2f94489b7e,test,https://open-images-dataset.s3.amazonaws.com/test/a9270d2f94489b7e.jpg,https://www.flickr.com/photos/nasablueshift/5926888901,https://creativecommons.org/licenses/by/2.0/,NASA Blueshift
aa0fc9d6f82cee66,test,https://open-images-dataset.s3.amazonaws.com/test/aa0fc9d6f82cee66.jpg,https://www.flickr.com/photos/89991287@N00/6344550099,https://creativecommons.org/licenses/by/2.0/,acn1485
acaebc6ee1264976,test,https://open-images-dataset.s3.amazonaws.com/test/acaebc6ee1264976.jpg,https://www.flickr.com/photos/dantaylor/3140540707,https://creativecommons.org/licenses/by/2.0/,Dan Taylor-Watt
ad2467fae731ef39,test,https://open-images-dataset.s3.amazonaws.com/test/ad2467fae731ef39.jpg,https://www.flickr.com/photos/16801915@N06/6915622138,https://creativecommons.org/licenses/by/2.0/,Reading Tom
ad71c03f761e1072,test,https://open-images-dataset.s3.amazonaws.com/test/ad71c03f761e1072.jpg,https://www.flickr.com/photos/fuzzcat/5818757665/,https://creativecommons.org/licenses/by/2.0/,Kate Haskell
adac246189bc1c7c,test,https://open-images-dataset.s3.amazonaws.com/test/adac246189bc1c7c.jpg,https://www.flickr.com/photos/idea-saras/16493718532,https://creativecommons.org/licenses/by/2.0/,Jenny Ondioline
aeda46e483d1059e,validation,https://open-images-dataset.s3.amazonaws.com/validation/aeda46e483d1059e.jpg,https://www.flickr.com/photos/y6y6y6/5503846098,https://creativecommons.org/licenses/by/2.0/,y6y6y6
b2d1ac0e5e2e509d,test,https://open-images-dataset.s3.amazonaws.com/test/b2d1ac0e5e2e509d.jpg,https://www.flickr.com/photos/jesser5/2875367815,https://creativecommons.org/licenses/by/2.0/,Jesús Serrano
b531ab71175fd253,test,https://open-images-dataset.s3.amazonaws.com/test/b531ab71175fd253.jpg,https://www.flickr.com/photos/cicciogattaccio/5303198013,https://creativecommons.org/licenses/by/2.0/,Edmondo Lopez
b92d1fe82584c280,test,https://open-images-dataset.s3.amazonaws.com/test/b92d1fe82584c280.jpg,https://www.flickr.com/photos/lakemartinvoice/4311797751,https://creativecommons.org/licenses/by/2.0/,John Coley
bafd24ec4ba280cb,test,https://open-images-dataset.s3.amazonaws.com/test/bafd24ec4ba280cb.jpg,https://www.flickr.com/photos/denisecarbonell/9566174914,https://creativecommons.org/licenses/by/2.0/,denise carbonell
bb16e7bc803db178,test,https://open-images-dataset.s3.amazonaws.com/test/bb16e7bc803db178.jpg,https://www.flickr.com/photos/124251906@N04/14282385556,https://creativecommons.org/licenses/by/2.0/,CW Content Works
bc3e02290cb9509e,test,https://open-images-dataset.s3.amazonaws.com/test/bc3e02290cb9509e.jpg,https://www.flickr.com/photos/cindyfunk/2399678968,https://creativecommons.org/licenses/by/2.0/,Cindy Funk
be58d72e60579ab2,test,https://open-images-dataset.s3.amazonaws.com/test/be58d72e60579ab2.jpg,https://www.flickr.com/photos/brendanadkins/488202739,https://creativecommons.org/licenses/by/2.0/,Brendan Adkins
bee88baf87961730,test,https://open-images-dataset.s3.amazonaws.com/test/bee88baf87961730.jpg,https://www.flickr.com/photos/usfwspacific/7440726280,https://creativecommons.org/licenses/by/2.0/,USFWS - Pacific Region
bf66f91af557ad59,validation,https://open-images-dataset.s3.amazonaws.com/validation/bf66f91af557ad59.jpg,https://www.flickr.com/photos/pjsissi/15310976026,https://creativecommons.org/licenses/by/2.0/,pj.sissi
c1528484142877df,test,https://open-images-dataset.s3.amazonaws.com/test/c1528484142877df.jpg,https://www.flickr.com/photos/miguelvieira/2734635772,https://creativecommons.org/licenses/by/2.0/,Miguel Vieira
c391787c0bf288a5,test,https://open-images-dataset.s3.amazonaws.com/test/c391787c0bf288a5.jpg,https://www.flickr.com/photos/crug/3726412486,https://creativecommons.org/licenses/by/2.0/,Chris Ruggles
c39ea2a4b179b9d6,test,https://open-images-dataset.s3.amazonaws.com/test/c39ea2a4b179b9d6.jpg,https://www.flickr.com/photos/zombie/444122603,https://creativecommons.org/licenses/by/2.0/,Richard King
c4412bf89e38606f,validation,https://open-images-dataset.s3.amazonaws.com/validation/c4412bf89e38606f.jpg,https://www.flickr.com/photos/chesterbr/10671690255,https://creativecommons.org/licenses/by/2.0/,Chester
c4a1b431011b2177,test,https://open-images-dataset.s3.amazonaws.com/test/c4a1b431011b2177.jpg,https://www.flickr.com/photos/andyarthur/15096478304,https://creativecommons.org/licenses/by/2.0/,Andy Arthur
c530492497626579,test,https://open-images-dataset.s3.amazonaws.com/test/c530492497626579.jpg,https://www.flickr.com/photos/martl/2837372343,https://creativecommons.org/licenses/by/2.0/,heartbeaz
ca100fdb289b88fe,test,https://open-images-dataset.s3.amazonaws.com/test/ca100fdb289b88fe.jpg,https://www.flickr.com/photos/ewan_traveler/15468742967,https://creativecommons.org/licenses/by/2.0/,ewan traveler
ca47b04db265fb15,test,https://open-images-dataset.s3.amazonaws.com/test/ca47b04db265fb15.jpg,https://www.flickr.com/photos/11921146@N03/11708555835,https://creativecommons.org/licenses/by/2.0/,Rachel  Tayse
cac8f4e0afcd9d35,test,https://open-images-dataset.s3.amazonaws.com/test/cac8f4e0afcd9d35.jpg,https://www.flickr.com/photos/mah_japan/5473467536,https://creativecommons.org/licenses/by/2.0/,Masahiko OHKUBO
cb51a3daed7d4c29,test,https://open-images-dataset.s3.amazonaws.com/test/cb51a3daed7d4c29.jpg,https://www.flickr.com/photos/rpgmaster94/4530010556,https://creativecommons.org/licenses/by/2.0/,Matthew Fauver
cc3b5b6ef4d1a7d0,test,https://open-images-dataset.s3.amazonaws.com/test/cc3b5b6ef4d1a7d0.jpg,https://www.flickr.com/photos/genvessel/118951344,https://creativecommons.org/licenses/by/2.0/,klndonnelly
cff93fa0b87c8c54,test,https://open-images-dataset.s3.amazonaws.com/test/cff93fa0b87c8c54.jpg,https://www.flickr.com/photos/donaleen/4676254173,https://creativecommons.org/licenses/by/2.0/,Donaleen
d2c83407e36e2c71,validation,https://open-images-dataset.s3.amazonaws.com/validation/d2c83407e36e2c71.jpg,https://www.flickr.com/photos/tomsaint/2503598308,https://creativecommons.org/licenses/by/2.0/,Rennett Stowe
d437e9434d4ff032,test,https://open-images-dataset.s3.amazonaws.com/test/d437e9434d4ff032.jpg,https://www.flickr.com/photos/mescon/2974867823,https://creativecommons.org/licenses/by/2.0/,Erik Söderström
d4b64bf87ca0d34a,validation,https://open-images-dataset.s3.amazonaws.com/validation/d4b64bf87ca0d34a.jpg,https://www.flickr.com/photos/t_ferringer/3850866480,https://creativecommons.org/licenses/by/2.0/,Theodore Ferringer
d93d9b6928e4aca4,test,https://open-images-dataset.s3.amazonaws.com/test/d93d9b6928e4aca4.jpg,https://www.flickr.com/photos/olibac/15606290595,https://creativecommons.org/licenses/by/2.0/,OliBac
e0814573a6fafc3a,test,https://open-images-dataset.s3.amazonaws.com/test/e0814573a6fafc3a.jpg,https://www.flickr.com/photos/direitosurbanos/7119843327,https://creativecommons.org/licenses/by/2.0/,Direitos  Urbanos
e5c8d21e5260fdee,validation,https://open-images-dataset.s3.amazonaws.com/validation/e5c8d21e5260fdee.jpg,https://www.flickr.com/photos/woodhead/11376501846,https://creativecommons.org/licenses/by/2.0/,jasonwoodhead23
e5e2aa59e301672e,test,https://open-images-dataset.s3.amazonaws.com/test/e5e2aa59e301672e.jpg,https://www.flickr.com/photos/www_ukberri_net/7026335453/,https://creativecommons.org/licenses/by/2.0/,UKBERRI.NET Uribe Kosta eta Erandioko agerkari digitala
e8bdae92243fa5b9,test,https://open-images-dataset.s3.amazonaws.com/test/e8bdae92243fa5b9.jpg,https://www.flickr.com/photos/fridayinla/3119046797,https://creativecommons.org/licenses/by/2.0/,Stephen Friday
e8f966b42918443f,test,https://open-images-dataset.s3.amazonaws.com/test/e8f966b42918443f.jpg,https://www.flickr.com/photos/paulsimpson1976/2324774315,https://creativecommons.org/licenses/by/2.0/,Paul Simpson
e92c3fbe575226b7,test,https://open-images-dataset.s3.amazonaws.com/test/e92c3fbe575226b7.jpg,https://www.flickr.com/photos/27665395@N05/18008657172,https://creativecommons.org/licenses/by/2.0/,Jason Lawrence
ebc1005c0588d7e7,test,https://open-images-dataset.s3.amazonaws.com/test/ebc1005c0588d7e7.jpg,https://www.flickr.com/photos/87079797@N02/12541424724,https://creativecommons.org/licenses/by/2.0/,hakzelf
ec49340c563448fa,test,https://open-images-dataset.s3.amazonaws.com/test/ec49340c563448fa.jpg,https://www.flickr.com/photos/netzpolitik/8744033438,https://creativecommons.org/licenses/by/2.0/,netzpolitik.org
ec82f08ad9d2aadb,test,https://open-images-dataset.s3.amazonaws.com/test/ec82f08ad9d2aadb.jpg,https://www.flickr.com/photos/cmichel67/8988811042,https://creativecommons.org/licenses/by/2.0/,Christopher Michel
ee57bbfb0ebab0a7,validation,https://open-images-dataset.s3.amazonaws.com/validation/ee57bbfb0ebab0a7.jpg,https://www.flickr.com/photos/treydanger/3311157164/,https://creativecommons.org/licenses/by/2.0/,Xeusy
ef40e3891a5b52a2,validation,https://open-images-dataset.s3.amazonaws.com/validation/ef40e3891a5b52a2.jpg,https://www.flickr.com/photos/yukikomatsuoka/8763983342,https://creativecommons.org/licenses/by/2.0/,Yukiko Matsuoka
f0dfd9923f53505d,test,https://open-images-dataset.s3.amazonaws.com/test/f0dfd9923f53505d.jpg,https://www.flickr.com/photos/47957400@N03/7596541236,https://creativecommons.org/licenses/by/2.0/,Alec Luhn
f4fdcb766939c0dd,test,https://open-images-dataset.s3.amazonaws.com/test/f4fdcb766939c0dd.jpg,https://www.flickr.com/photos/8593340@N04/4259072963,https://creativecommons.org/licenses/by/2.0/,GeraldPG
f763db801dff6430,test,https://open-images-dataset.s3.amazonaws.com/test/f763db801dff6430.jpg,https://www.flickr.com/photos/vydd/15515997800,https://creativecommons.org/licenses/by/2.0/,Danilo Vidovic
f865b4c9162f2bc5,validation,https://open-images-dataset.s3.amazonaws.com/validation/f865b4c9162f2bc5.jpg,https://www.flickr.com/photos/mikeemesser/6130655549/,https://creativecommons.org/licenses/by/2.0/,Michael Eisenriegler
fb87456bc4ac8d9d,validation,https://open-images-dataset.s3.amazonaws.com/validation/fb87456bc4ac8d9d.jpg,https://www.flickr.com/photos/57768042@N00/4707774931,https://creativecommons.org/licenses/by/2.0/,Sydney Oats
fc5c1b76314e5136,test,https://open-images-dataset.s3.amazonaws.com/test/fc5c1b76314e5136.jpg,https://www.flickr.com/photos/europedistrict/8260991640,https://creativecommons.org/licenses/by/2.0/,U.S. Army Corps of Engineers Europe District
fea234629eea3827,validation,https://open-images-dataset.s3.amazonaws.com/validation/fea234629eea3827.jpg,https://www.flickr.com/photos/cliniquebeaulieu/4345910813,https://creativecommons.org/licenses/by/2.0/,Clinique Beaulieu
