house,capture,pipeline,candidate,check,measurement,threshold,threshold_ft,review_threshold,review_threshold_ft,pass_when,survey_ft,survey_plus_minus_ft,margin_ft,review_margin_ft,truth_outcome,run_ft,abs_error_in,error_to_margin,could_flip,run_outcome,expected_outcome,agrees,unsafe_pass,missed_review,over_caution,false_rejection,decided_without_measurement,abstention
synthetic-01,synthetic-01-walk-1,ar-taps,c1,gas,c1-gas,gas_clearance_ft,3.000,,,at_least,4.500,0.010,1.500,,pass,4.700,2.40,0.13,false,pass,pass,true,false,false,false,false,false,
synthetic-01,synthetic-01-walk-1,ar-taps,c1,facing_gap,c1-facing,facing_gap_ft,3.000,,,at_least,5.000,0.020,2.000,,pass,4.600,4.80,0.20,false,pass,pass,true,false,false,false,false,false,
synthetic-01,synthetic-01-walk-1,ar-taps,c1,route,c1-route,max_route_ft,20.000,review_route_ft,15.000,at_most,12.000,0.050,8.000,3.000,pass,12.250,3.00,0.08,false,pass,pass,true,false,false,false,false,false,
synthetic-01,synthetic-01-walk-1,ar-taps,c1,pool,c1-pool,pool_clearance_ft,5.000,,,at_least,,,,,pass,,,,,pass,pass,true,false,false,false,false,false,
synthetic-01,synthetic-01-walk-1,ar-taps,c2,gas,c2-gas,gas_clearance_ft,3.000,,,at_least,3.020,0.030,0.020,,borderline,3.350,3.96,11.00,true,pass,unsure,false,false,true,false,false,false,
synthetic-01,synthetic-01-walk-1,ar-taps,c2,facing_gap,c2-facing,facing_gap_ft,3.000,,,at_least,2.500,0.020,-0.500,,fail,,,,,pass,fail,false,true,false,false,false,true,
synthetic-01,synthetic-01-walk-1,ar-taps,c2,route,c2-route,max_route_ft,20.000,review_route_ft,15.000,at_most,19.900,0.050,0.100,-4.900,review,19.500,4.80,4.00,true,pass,unsure,false,false,true,false,false,false,
synthetic-01,synthetic-01-walk-1,ar-taps,c2,pool,c2-pool,pool_clearance_ft,5.000,,,at_least,,,,,unknown,,,,,fail,,,,,,,true,
synthetic-01,synthetic-01-walk-1,photo-depth,c1,gas,c1-gas,gas_clearance_ft,3.000,,,at_least,4.500,0.010,1.500,,pass,5.500,12.00,0.67,false,pass,pass,true,false,false,false,false,false,
synthetic-01,synthetic-01-walk-1,photo-depth,c1,facing_gap,c1-facing,facing_gap_ft,3.000,,,at_least,5.000,0.020,2.000,,pass,3.800,14.40,0.60,false,fail,pass,false,false,false,true,true,false,
synthetic-01,synthetic-01-walk-1,photo-depth,c1,route,c1-route,max_route_ft,20.000,review_route_ft,15.000,at_most,12.000,0.050,8.000,3.000,pass,,,,,unsure,pass,false,false,false,true,false,false,justified
synthetic-01,synthetic-01-walk-1,photo-depth,c1,pool,c1-pool,pool_clearance_ft,5.000,,,at_least,,,,,pass,12.000,,,,pass,pass,true,false,false,false,false,false,
synthetic-01,synthetic-01-walk-1,photo-depth,c2,gas,c2-gas,gas_clearance_ft,3.000,,,at_least,3.020,0.030,0.020,,borderline,2.400,7.44,20.67,true,fail,unsure,false,false,false,false,false,false,
synthetic-01,synthetic-01-walk-1,photo-depth,c2,facing_gap,c2-facing,facing_gap_ft,3.000,,,at_least,2.500,0.020,-0.500,,fail,2.900,4.80,0.80,false,unsure,fail,false,false,false,false,false,false,avoidable
synthetic-01,synthetic-01-walk-1,photo-depth,c2,route,c2-route,max_route_ft,20.000,review_route_ft,15.000,at_most,19.900,0.050,0.100,-4.900,review,21.000,13.20,11.00,true,fail,unsure,false,false,false,false,false,false,
synthetic-01,synthetic-01-walk-1,photo-depth,c2,pool,c2-pool,pool_clearance_ft,5.000,,,at_least,,,,,unknown,,,,,unsure,,,,,,,false,
synthetic-01,synthetic-01-walk-1,mesh-scaled,c1,gas,c1-gas,gas_clearance_ft,3.000,,,at_least,4.500,0.010,1.500,,pass,,,,,,pass,,,,,,,
synthetic-01,synthetic-01-walk-1,mesh-scaled,c1,facing_gap,c1-facing,facing_gap_ft,3.000,,,at_least,5.000,0.020,2.000,,pass,5.100,1.20,0.05,false,,pass,,,,,,,
synthetic-01,synthetic-01-walk-1,mesh-scaled,c1,route,c1-route,max_route_ft,20.000,review_route_ft,15.000,at_most,12.000,0.050,8.000,3.000,pass,11.500,6.00,0.17,false,,pass,,,,,,,
synthetic-01,synthetic-01-walk-1,mesh-scaled,c1,pool,c1-pool,pool_clearance_ft,5.000,,,at_least,,,,,pass,,,,,,pass,,,,,,,
synthetic-01,synthetic-01-walk-1,mesh-scaled,c2,gas,c2-gas,gas_clearance_ft,3.000,,,at_least,3.020,0.030,0.020,,borderline,3.000,0.24,0.67,false,,unsure,,,,,,,
synthetic-01,synthetic-01-walk-1,mesh-scaled,c2,facing_gap,c2-facing,facing_gap_ft,3.000,,,at_least,2.500,0.020,-0.500,,fail,2.600,1.20,0.20,false,,fail,,,,,,,
synthetic-01,synthetic-01-walk-1,mesh-scaled,c2,route,c2-route,max_route_ft,20.000,review_route_ft,15.000,at_most,19.900,0.050,0.100,-4.900,review,,,,,,unsure,,,,,,,
synthetic-01,synthetic-01-walk-1,mesh-scaled,c2,pool,c2-pool,pool_clearance_ft,5.000,,,at_least,,,,,unknown,,,,,,,,,,,,,
