id,class_accurate,class_accurate_lc,class_fast,class_kind,contrast,edge_margin,global_lap_var,global_saturated,height,label_contrast,label_lap_var,label_lap_var_32,label_saturated,label_text_height_px,lap_var,lap_var_32,number_accurate,number_accurate_lc,number_agreed,number_agreed_strict,number_box,number_fast,number_lenient_accurate,number_lenient_accurate_lc,number_lenient_fast,saturated,tallest_is_number,text_height_px,width
m01,1,1,1,current_rating,0.0279,6.8571,103.1906,0.0001,1536,0.0279,22.8126,44.2042,0.0,62.5152,22.8126,44.2042,1,1,yes,yes,"[0.4157, 0.68023, 0.15552, 0.0407]",0,1,1,0,0.0,0,62.5116,2048
m02,1,1,0,current_rating,0.1683,10.9482,237.1029,0.0154,1200,0.1683,557.8671,1151.9859,0.0,49.128,557.8671,1151.9859,1,1,yes,yes,"[0.43438, 0.51084, 0.19951, 0.04094]",1,1,1,1,0.0,0,49.1278,1600
m03,1,1,1,current_rating,0.1188,5.95,299.7425,0.0003,1536,0.1188,400.3871,1218.7012,0.0,59.9962,400.3871,1218.7012,1,1,yes,yes,"[0.41715, 0.72852, 0.1875, 0.03906]",1,1,1,1,0.0,0,60.0,2048
m04,1,1,0,current_rating,0.1154,9.1463,286.2157,0.0071,1920,0.1154,195.4383,488.8027,0.0,53.3952,195.4383,488.8027,1,1,yes,yes,"[0.33915, 0.34302, 0.26938, 0.02781]",0,1,1,0,0.0,1,53.3953,1440
m05,1,1,1,ansi_class,0.2008,7.8193,215.2044,0.0004,2880,0.2008,3913.6822,3722.1975,0.0102,147.6,3913.6822,3722.1975,1,1,yes,yes,"[0.4296, 0.548, 0.13521, 0.05125]",1,1,1,1,0.0102,0,147.6048,3840
m06,1,1,1,ansi_class,0.1843,22.2,124.0765,0.0,2880,0.1843,3686.541,3204.1361,0.0003,55.8144,3686.541,3204.1361,1,1,yes,yes,"[0.40262, 0.43023, 0.1032, 0.01938]",1,1,1,1,0.0003,0,55.814,3840
m07,1,1,0,current_rating,0.1624,7.7166,221.4679,0.0022,1536,0.1954,429.1108,589.6823,0.0,41.6717,855.7554,1366.0441,1,1,yes,yes,"[0.42006, 0.67248, 0.14244, 0.02713]",1,1,1,1,0.0,0,47.6407,2048
m08,1,1,1,current_rating,0.0777,9.25,156.6411,0.0009,1536,0.0777,211.9883,363.9311,0.0,47.6314,211.9883,363.9311,1,1,yes,yes,"[0.37355, 0.68217, 0.17587, 0.03101]",1,1,1,1,0.0,0,47.6279,2048
m09,1,1,1,current_rating,0.2185,5.9158,410.6551,0.0,1536,0.2185,437.8597,1213.5256,0.0,57.2928,437.8597,1213.5256,1,1,yes,yes,"[0.40695, 0.74201, 0.16576, 0.0373]",1,1,1,1,0.0,0,57.3003,2048
m10,1,1,1,current_rating,0.2267,11.2052,202.921,0.0136,1920,0.2267,616.4947,1451.499,0.003,53.5488,616.4947,1451.499,1,1,yes,yes,"[0.41662, 0.58998, 0.15706, 0.02789]",1,1,1,1,0.003,1,53.541,1440
m11,1,1,0,ansi_class,0.1055,4.75,149.6562,0.0041,2048,0.0713,72.932,145.4951,0.0,49.6845,63.9587,182.2495,1,1,yes,yes,"[0.4204, 0.35415, 0.1437, 0.02426]",1,1,1,1,0.0,0,102.4,1536
m12,1,1,1,current_rating,0.1738,14.3077,310.2364,0.0359,1536,0.1738,1152.1712,1153.2619,0.0504,38.6918,1152.1712,1153.2619,1,1,no,no,"[0.47529, 0.36047, 0.11483, 0.02519]",1,1,1,1,0.0504,0,38.6977,2048
m13,1,1,1,current_rating,0.2044,7.2184,182.4655,0.0001,1536,0.2044,228.1067,638.2558,0.0,60.1651,228.1067,638.2558,1,1,yes,yes,"[0.43892, 0.67809, 0.15267, 0.03917]",1,1,1,1,0.0,1,60.1644,2048
m14,1,1,0,current_rating,0.2734,3.7762,228.1518,0.0046,1536,0.2187,637.732,3723.0144,0.0271,160.5274,994.7418,2486.7059,1,1,yes,yes,"[0.49857, 0.56943, 0.12392, 0.10451]",0,1,1,0,0.0007,1,92.9437,2048
m15,1,1,1,ansi_class,0.1631,16.0,256.6838,0.0001,1536,0.1631,836.206,902.8001,0.0,38.6918,836.206,902.8001,1,1,yes,yes,"[0.44913, 0.4031, 0.11192, 0.02519]",0,1,1,0,0.0,0,38.6977,2048
m16,1,1,0,current_rating,0.1679,8.7895,113.0552,0.0079,1920,0.1371,141.8334,371.1699,0.0,61.8624,125.1008,497.1518,1,1,yes,yes,"[0.43565, 0.70892, 0.17962, 0.03222]",1,1,1,1,0.0,0,70.6977,2560
m17,1,1,1,current_rating,0.1631,15.6667,82.3792,0.0598,1920,0.1631,160.0453,250.3322,0.0,50.2272,160.0453,250.3322,1,1,yes,yes,"[0.40988, 0.44622, 0.17297, 0.02616]",1,1,1,1,0.0,0,50.2326,1920
m18,1,1,0,current_rating,0.1989,9.5419,562.2818,0.0016,1800,0.1989,1141.6192,1325.0341,0.0,63.828,1141.6192,1325.0341,1,1,yes,yes,"[0.42146, 0.62616, 0.19342, 0.03546]",0,1,1,0,0.0,0,63.8312,1800
m19,1,1,1,ansi_class,0.225,8.9506,289.084,0.0017,2880,0.225,2934.6606,4404.3514,0.0186,124.3296,2934.6606,4404.3514,1,1,yes,yes,"[0.40712, 0.57046, 0.15391, 0.04317]",1,1,1,1,0.0186,0,124.32,3840
m21,1,1,1,ansi_class,0.1836,15.4545,251.286,0.0005,2880,0.1836,1780.3545,2135.2141,0.0001,61.4016,1780.3545,2135.2141,1,1,yes,yes,"[0.5, 0.64922, 0.14244, 0.02132]",1,1,1,1,0.0001,0,61.3953,3840
m22,1,1,1,ansi_class,0.2206,15.1758,118.2906,0.0068,2884,0.2206,114.5526,584.0294,0.0115,78.2718,114.5526,584.0294,1,1,yes,yes,"[0.50436, 0.56093, 0.11483, 0.02714]",1,1,1,1,0.0115,0,78.2824,3840
m23,1,1,0,ansi_class,0.1199,3.6276,194.6655,0.0089,2884,0.1142,28.7739,105.5562,0.0,75.6762,54.463,439.7465,1,1,yes,yes,"[0.44139, 0.36115, 0.08536, 0.02624]",1,1,1,1,0.0,0,139.4713,3840
m25,1,1,1,ansi_class,0.1497,2.8077,286.454,0.0001,1932,0.1497,632.3701,1327.6412,0.0,166.152,632.3701,1327.6412,1,1,yes,no,"[0.35676, 0.67253, 0.17312, 0.086]",1,1,1,1,0.0,1,166.1545,2580
m26,1,1,1,current_rating,0.1127,6.9656,158.0149,0.0057,2398,0.1127,50.0639,444.1321,0.0,100.2604,50.0639,444.1321,1,1,yes,yes,"[0.31674, 0.63333, 0.33032, 0.04181]",1,1,1,1,0.0,1,100.2667,2205
m27,1,1,1,current_rating,0.22,6.4087,631.1447,0.0001,2160,0.22,849.2782,2276.5349,0.0,76.3344,849.2782,2276.5349,1,1,yes,yes,"[0.42148, 0.73814, 0.15122, 0.03534]",1,1,1,1,0.0,1,76.3445,2880
m28,1,1,0,ansi_class,0.1246,5.4332,262.402,0.0676,3079,0.1085,99.8804,117.6006,0.0,72.5105,153.2637,269.9702,1,1,no,no,"[0.42297, 0.52717, 0.07849, 0.02355]",0,1,1,0,0.0,0,122.9144,3840
m29,1,1,1,ansi_class,0.172,4.5002,268.3764,0.0001,881,0.1617,3357.5567,1557.8617,0.0,30.694,2625.9434,1984.5028,1,1,yes,yes,"[0.28915, 0.6862, 0.18382, 0.03484]",0,1,1,0,0.0,0,46.7943,1000
m30,1,1,1,current_rating,0.21,12.82,207.3558,0.0031,3264,0.21,513.5297,1291.5924,0.0,76.247,513.5297,1291.5924,1,1,yes,no,"[0.39922, 0.606, 0.20155, 0.02336]",1,1,1,1,0.0,0,76.2326,2448
m31,1,1,1,ansi_class,0.2709,7.3636,234.9624,0.0056,1439,0.2709,760.6468,2938.0512,0.2099,77.0872,760.6468,2938.0512,1,1,yes,yes,"[0.37355, 0.55195, 0.20058, 0.05357]",1,1,1,1,0.2099,1,77.0893,1610
m32,1,1,1,ansi_class,0.1522,1.8636,192.9792,0.0193,2880,0.1035,196.3832,381.5871,0.0,83.7216,2534.4529,600.7521,1,1,yes,no,"[0.36337, 0.75581, 0.1875, 0.02907]",1,1,1,1,0.0,0,122.7907,3840
m33,1,1,1,ansi_class,0.1624,1.8699,326.034,0.0003,1840,0.0904,160.1648,402.5174,0.0,235.8696,288.6125,678.1862,1,1,yes,no,"[0.31673, 0.77998, 0.28225, 0.12819]",1,1,1,1,0.0001,0,258.7262,3264
m34,1,1,1,ansi_class,0.1617,7.8295,189.4977,0.0,3072,0.1903,746.8445,759.5292,0.0,35.7274,607.1894,1237.4981,1,1,yes,no,"[0.24419, 0.4782, 0.04457, 0.01163]",1,1,1,1,0.0,0,47.6737,2304
m35,1,1,0,ansi_class,0.147,4.6026,125.7513,0.0076,2884,,,,,,79.7369,355.3581,,,,,,,,,,0.0002,,63.7729,3840
m36,0,0,0,ansi_class,0.1828,0.2923,73.8901,0.0,2000,,,,,,39.7939,2145.9553,,,,,,,,,,0.0,,486.8736,3008
m37,1,1,0,current_rating,0.2395,9.5186,786.504,0.0132,2852,0.2395,1110.5286,2804.6348,0.0046,87.043,1106.5909,2878.1721,1,1,yes,yes,"[0.34072, 0.57267, 0.2879, 0.03052]",1,1,1,1,0.0046,0,87.0523,2432
m38,,,,,0.2813,3.32,763.4349,0.0482,1056,0.251,3232.3501,2872.8585,0.0,77.1091,3007.6239,2442.5892,1,1,yes,no,"[0.36538, 0.72675, 0.24463, 0.07302]",0,1,1,0,0.0,1,50.0,1056
m39,1,1,0,ansi_class,0.2364,12.1362,148.646,0.005,3145,0.2004,102.5742,1287.0675,0.0,102.9988,139.5044,1745.5176,1,1,yes,yes,"[0.30959, 0.58925, 0.28788, 0.03275]",1,1,1,1,0.0,0,97.9542,3316
m40,1,1,0,current_rating,0.2141,12.037,190.7039,0.0,1820,0.218,733.9421,626.1387,0.0,37.037,987.2677,348.7976,1,1,yes,yes,"[0.40262, 0.70494, 0.17442, 0.02035]",1,1,1,1,0.0,1,27.0,1820
m41,1,1,0,current_rating,0.1005,4.8952,125.2406,0.0,1063,0.07,154.0115,318.7651,0.0,67.2666,189.8077,245.2166,1,0,no,no,"[0.29167, 0.83333, 0.34931, 0.06328]",0,1,0,0,0.0,1,53.3831,1064
m42,0,0,1,ansi_class,0.177,8.05,269.0556,0.0145,976,0.177,384.7099,318.8083,0.001,39.9965,384.7099,318.8083,1,1,yes,yes,"[0.5082, 0.56967, 0.16189, 0.04098]",0,1,1,0,0.001,1,40.0,976
m43,1,1,1,current_rating,0.1836,6.3003,560.1025,0.0295,3264,0.1667,323.3865,1135.4457,0.0,99.4214,469.1124,1614.8075,1,1,yes,yes,"[0.20155, 0.57674, 0.45724, 0.03046]",0,1,1,0,0.0,0,99.4326,1836
m44,1,1,1,current_rating,0.1748,26.696,385.9376,0.0018,4928,0.1795,144.9326,2312.4544,0.0,167.9462,349.5333,900.5206,1,1,yes,yes,"[0.39827, 0.54374, 0.33271, 0.03408]",1,1,1,1,0.0,0,50.1395,3264
m45,1,1,1,current_rating,0.2781,5.524,995.3953,0.0056,2543,0.2781,3199.9619,3511.9379,0.0195,112.1972,3199.9619,3511.9379,1,1,yes,yes,"[0.37449, 0.71218, 0.16973, 0.04412]",1,1,1,1,0.0195,0,112.1881,3840
m46,1,1,1,ansi_class,0.2076,10.8968,154.1993,0.0,2592,0.2076,130.8069,730.0385,0.0,83.3328,130.8069,730.0385,1,1,yes,yes,"[0.54797, 0.60068, 0.15116, 0.03215]",1,1,1,1,0.0,0,83.3299,3018
m47,1,1,1,current_rating,0.1087,8.5635,245.9082,0.0,2200,0.1087,116.3392,232.3516,0.0,64.152,116.3392,232.3516,1,1,yes,yes,"[0.43961, 0.48148, 0.22742, 0.02916]",1,1,1,1,0.0,1,64.155,1650
m48,1,1,0,current_rating,0.1862,4.2168,367.2184,0.0081,1800,0.1416,307.8695,1121.1024,0.0,74.844,228.9177,1024.1136,1,1,yes,yes,"[0.42726, 0.73212, 0.16291, 0.04158]",1,1,1,1,0.0,0,125.6259,2400
m49,1,1,1,current_rating,0.0929,2.1521,760.5981,0.0003,2200,0.1168,211.817,392.114,0.0,60.764,205.5966,362.3245,1,1,yes,yes,"[0.44574, 0.57122, 0.22287, 0.02762]",1,1,1,1,0.0,0,75.6619,1650
m50,1,1,1,current_rating,0.2051,7.0573,515.1266,0.0065,1800,0.2051,579.5252,2085.8076,0.0,76.428,579.5252,2085.8076,1,1,yes,yes,"[0.22473, 0.61458, 0.22201, 0.04246]",1,1,1,1,0.0,0,76.4231,2400
m51,1,1,1,current_rating,0.2043,9.5714,435.9481,0.0118,2000,0.2043,814.2792,1132.6426,0.0033,40.7,814.2792,1132.6426,1,1,yes,yes,"[0.48643, 0.4375, 0.25388, 0.02035]",1,1,1,1,0.0033,0,40.6977,1500
m52,1,1,1,current_rating,0.2126,7.2353,439.7117,0.1202,2400,0.2126,561.6514,1470.3243,0.052,59.304,561.6514,1470.3243,1,1,yes,yes,"[0.43605, 0.55087, 0.32558, 0.02471]",1,1,1,1,0.052,0,59.3023,1800
m53,1,1,1,current_rating,0.1476,7.4504,354.857,0.0068,2692,0.1476,339.5602,1619.6752,0.0008,105.7418,339.5602,1619.6752,1,1,yes,yes,"[0.41168, 0.66803, 0.1216, 0.03928]",1,1,1,1,0.0008,0,105.7531,3590
m54,1,1,1,current_rating,0.2055,13.4,414.8675,0.0406,1260,0.2055,802.3696,659.5251,0.0635,36.6282,802.3696,659.5251,1,1,yes,yes,"[0.44186, 0.38953, 0.13227, 0.02907]",1,1,1,1,0.0635,0,36.6279,1680
m55,1,1,1,current_rating,0.0739,1.2153,95.6539,0.0,2552,0.0739,90.5726,243.4395,0.0,144.0094,90.5726,243.4395,1,1,yes,yes,"[0.61667, 0.875, 0.1625, 0.05643]",0,1,1,0,0.0,0,144.0,3840
m56,1,1,0,ansi_class,0.1203,6.8649,59.9466,0.0018,1944,0.1203,45.3992,137.8426,0.0,64.2103,45.3992,137.8426,1,1,yes,yes,"[0.38953, 0.74023, 0.21512, 0.03303]",1,1,1,1,0.0,1,64.2093,2592
m57,1,1,0,ansi_class,0.1556,10.2885,75.2136,0.0001,1356,0.1209,279.7141,432.9524,0.0,42.5242,273.4106,596.331,1,1,yes,no,"[0.46279, 0.5411, 0.1224, 0.03136]",1,1,1,1,0.0,0,47.805,1292
m58,1,1,0,current_rating,0.1642,10.5333,615.6008,0.0065,1840,0.163,539.4862,2133.6712,0.0,71.1344,544.1762,2145.3319,1,1,yes,yes,"[0.4811, 0.40722, 0.11483, 0.03866]",1,1,1,1,0.0,1,71.134,3264
m59,1,1,1,current_rating,0.1892,3.0736,58.7014,0.0013,1712,0.0837,9.6577,187.1992,0.0,99.724,16.3406,1347.9076,1,1,yes,yes,"[0.15116, 0.92621, 0.20203, 0.05825]",1,1,1,1,0.0,0,201.3951,2288
m60,1,1,0,current_rating,0.1303,10.0081,191.2347,0.0003,1233,0.1303,932.3136,170.3534,0.0,21.9844,932.3136,170.3534,1,1,yes,yes,"[0.20221, 0.3987, 0.15257, 0.01783]",1,1,1,1,0.0,0,21.9822,1088
m61,1,1,1,current_rating,0.1483,4.0,84.5045,0.0077,1600,0.099,145.9077,138.2746,0.0,40.592,202.6494,652.372,1,1,yes,yes,"[0.11417, 0.42733, 0.85885, 0.02537]",1,1,1,1,0.0,0,66.6667,1200
m62,1,1,1,current_rating,0.1199,5.4444,132.6872,0.0001,1536,,,,,,120.8435,137.9798,0,0,yes,yes,,1,0,0,1,0.0,,53.5814,2048
m63,1,1,0,current_rating,0.3115,3.661,562.1212,0.0001,3375,0.3115,278.5452,2627.9631,0.0,114.2775,278.5452,2627.9631,1,1,yes,no,"[0.24488, 0.8422, 0.32362, 0.03386]",0,1,1,1,0.0,0,114.2649,2995
m64,1,1,1,current_rating,0.1475,7.8606,356.359,0.0166,3454,0.0727,53.2992,509.4227,0.0,113.2567,81.4618,381.2756,1,1,yes,yes,"[0.44305, 0.6871, 0.17411, 0.03279]",1,1,1,1,0.0,1,85.4913,2999
m65,1,1,0,current_rating,0.1327,14.9239,346.5615,0.002,4032,0.2049,92.9323,676.6001,0.0,87.6154,460.6701,644.6243,1,1,yes,yes,"[0.41833, 0.54159, 0.15944, 0.02173]",0,1,1,0,0.0,0,41.2326,3024
m66,1,1,0,current_rating,0.123,6.7705,105.6538,0.0,4160,0.123,68.0765,591.2082,0.0,101.5456,68.0765,591.2082,1,1,yes,no,"[0.22031, 0.24692, 0.25513, 0.02441]",1,1,1,1,0.0,0,101.526,3120
m67,1,1,1,current_rating,0.1711,7.7359,353.9356,0.0034,960,0.1711,2225.4767,1853.416,0.0,38.4864,2225.4767,1853.416,1,1,no,no,"[0.32339, 0.64974, 0.10792, 0.04009]",1,1,1,1,0.0,0,38.4899,1280
m68,1,1,1,current_rating,0.114,5.1,125.4153,0.0004,1600,0.114,156.3484,163.4184,0.0,46.512,156.3484,163.4184,1,1,yes,yes,"[0.19767, 0.46221, 0.35659, 0.02907]",1,1,1,1,0.0,1,46.5116,1200
m69,1,1,1,current_rating,0.1411,9.3927,338.7386,0.0158,2741,0.1497,125.4711,816.8404,0.0,74.6648,122.0605,832.7568,1,1,yes,yes,"[0.24379, 0.36865, 0.35457, 0.02724]",1,1,1,1,0.0,1,74.667,1766
m70,1,1,1,current_rating,0.096,19.9189,225.2125,0.0017,2816,0.0909,94.926,456.6479,0.0,81.8611,173.8457,219.2205,1,1,yes,yes,"[0.28488, 0.35756, 0.2522, 0.02907]",0,1,1,0,0.0,0,41.3023,2112
m71,1,1,0,current_rating,0.242,6.9289,147.9668,0.0007,2112,0.242,206.677,1160.3222,0.0,112.1261,206.677,1160.3222,1,1,yes,no,"[0.47668, 0.57908, 0.16148, 0.05309]",1,1,1,1,0.0,1,112.1201,2816
m73,1,1,1,current_rating,0.2373,24.1589,732.8247,0.0005,3500,0.2663,605.2059,1863.5435,0.0,73.255,1347.1069,2272.3619,1,1,yes,no,"[0.4782, 0.33483, 0.20349, 0.02093]",0,1,1,1,0.0,0,54.95,3600
m74,1,1,1,current_rating,0.0831,6.0114,242.1299,0.0027,1600,0.0831,656.536,498.7252,0.0,54.016,656.536,498.7252,1,1,yes,yes,"[0.53629, 0.47241, 0.19309, 0.03376]",1,1,1,1,0.0,0,54.0213,1200
m75,1,1,1,current_rating,0.1088,6.3506,267.9679,0.0003,3150,0.1088,248.8148,713.1227,0.0,91.5705,248.8148,713.1227,1,1,yes,yes,"[0.27851, 0.59738, 0.44298, 0.02907]",0,1,1,0,0.0,1,91.5698,2088
m76,1,1,0,current_rating,0.1934,5.6326,861.0101,0.0083,4624,0.1936,864.1116,1766.2201,0.0003,157.3547,862.3978,1747.5456,1,1,yes,yes,"[0.50476, 0.30057, 0.23999, 0.03403]",1,1,1,1,0.0003,0,157.3362,3472
m77,1,1,1,current_rating,0.1371,23.7196,247.0402,0.0017,3800,0.1043,835.5318,1006.4249,0.0,117.458,1327.9825,1083.3013,1,1,yes,yes,"[0.49381, 0.50417, 0.12587, 0.03091]",1,1,1,1,0.0,0,60.7558,3600
m78,1,1,1,current_rating,0.2046,11.9805,401.6008,0.0826,4554,0.2046,342.4563,1566.0021,0.3479,99.4594,342.4563,1566.0021,1,1,yes,yes,"[0.51034, 0.40698, 0.17931, 0.02184]",1,1,1,1,0.3479,0,99.4717,3840
m79,1,1,1,current_rating,0.226,13.7485,236.167,0.0002,4032,0.226,689.2416,3100.7372,0.0,91.9296,689.2416,3100.7372,1,1,yes,yes,"[0.43008, 0.66375, 0.1224, 0.0228]",1,1,1,1,0.0,1,91.9264,3024
m80,1,1,1,current_rating,0.2679,3.9486,678.0941,0.0069,1082,0.2781,5457.1217,4829.7049,0.0057,47.9651,5392.2525,4742.2377,1,1,yes,yes,"[0.23153, 0.18024, 0.33571, 0.04433]",0,1,1,0,0.0062,0,47.964,818
m81,1,1,1,current_rating,0.0946,20.9136,307.5007,0.0066,4624,0.2638,241.25,1554.5725,0.0,147.3669,104.1087,351.5098,1,1,yes,yes,"[0.5155, 0.46667, 0.24865, 0.03187]",0,1,1,0,0.0,0,70.9694,3468
m82,1,1,1,current_rating,0.154,12.8606,264.8675,0.005,4624,,,,,,127.826,855.498,0,0,yes,yes,,0,0,0,0,0.0,,90.3886,3468
m83,1,1,0,current_rating,0.1151,6.7089,34.7012,0.0015,1509,,,,,,57.6747,155.0028,0,0,no,no,,0,0,0,0,0.0,,52.6395,1485
