id,split,after a No./Nr./#: keyword,"alone on its line, 6-14 characters, not a spec line",barcode confirms a text line,barcode_decoded,barcode_found,barcode_has_number,candidates,"combined: barcode, else keyword",line nearest a decoded barcode,rank,read,strict,tallest digit line (phase 1),us_style
m01,dev,,1,,0,0,0,3,,,1,1,1,0,0
m02,test,,1,,0,0,0,6,,,1,1,1,0,0
m03,dev,1,1,,0,0,0,4,1,,1,1,1,0,0
m04,test,1,1,,0,0,0,3,1,,1,1,1,1,0
m05,dev,,1,1,1,1,1,6,1,1,1,1,1,0,1
m06,test,,1,1,1,1,1,5,1,1,1,1,1,0,1
m07,dev,,0,,0,0,0,5,,,2,1,1,0,0
m08,test,1,1,,0,0,0,6,1,,1,1,1,0,0
m09,dev,,1,,0,0,0,4,,,1,1,1,0,0
m10,test,,1,,0,0,0,2,,,1,1,1,1,0
m11,dev,,0,,0,0,0,8,,,2,1,1,0,1
m12,test,,,,1,1,1,,,,,,0,,0
m13,dev,,1,,0,0,0,3,,,1,1,1,1,0
m14,test,0,1,,0,0,0,5,0,,2,1,1,1,0
m15,dev,,0,1,1,1,1,10,1,0,1,1,1,0,1
m16,test,,0,,0,0,0,9,,,,1,1,0,0
m17,dev,,1,1,1,1,1,7,1,0,1,1,1,0,0
m18,test,,1,,0,0,0,6,,,1,1,1,0,0
m19,dev,,1,1,1,1,1,5,1,1,1,1,1,0,1
m21,dev,,1,1,1,1,1,5,1,1,1,1,1,0,1
m22,test,,1,1,1,1,1,6,1,1,1,1,1,0,1
m23,dev,,0,,0,0,0,8,,,2,1,1,0,1
m25,dev,,,,0,0,0,3,,,1,1,0,1,1
m26,test,,1,,0,0,0,6,,,1,1,1,0,0
m27,dev,,1,,0,0,0,6,,,1,1,1,1,0
m28,test,,,,0,0,0,,,,,,0,,1
m29,dev,,1,,0,0,0,6,,,1,1,1,1,1
m30,test,,1,,0,0,0,3,,,1,1,0,0,0
m31,dev,,1,,0,0,0,3,,,1,1,1,1,1
m32,test,,0,,0,0,0,8,,,,1,0,0,1
m33,dev,,0,,0,0,0,2,,,2,1,0,0,1
m34,test,0,0,,0,0,0,6,0,,5,1,0,0,1
m35,dev,,,,1,1,,,,,,,0,,1
m36,test,,,,0,0,,,,,,,0,,1
m37,dev,,1,,0,0,0,10,,,1,1,1,0,0
m38,test,,0,,0,0,0,2,,,2,1,0,1,0
m39,dev,,1,1,1,1,1,8,1,1,1,1,1,0,1
m40,test,,1,0,1,1,0,11,0,0,2,1,1,1,0
m41,dev,,,,0,0,0,,,,,,0,,0
m42,test,,1,,0,0,0,4,,,1,1,1,1,1
m43,dev,,0,1,1,1,1,7,1,,1,1,1,0,0
m44,test,,0,0,1,1,1,8,0,1,2,1,1,0,0
m45,dev,,1,1,1,1,1,8,1,0,1,1,1,0,0
m46,test,,1,1,1,1,1,6,1,1,1,1,1,0,1
m47,dev,,1,,0,0,0,7,,,1,1,1,1,0
m48,test,,0,,0,0,0,5,,,2,1,1,0,0
m49,dev,,0,,0,0,0,9,,,2,1,1,0,0
m50,test,,0,,1,1,0,5,,,,1,1,0,0
m51,dev,1,0,,0,0,0,12,1,,1,1,1,0,0
m52,test,,1,,1,1,0,7,,,1,1,1,0,0
m53,dev,1,0,,0,0,0,6,1,,1,1,1,0,0
m54,test,,1,,0,0,0,5,,,1,1,1,0,0
m55,dev,1,1,,0,0,0,4,1,,1,1,1,0,0
m56,test,,1,,0,0,0,2,,,1,1,1,1,1
m57,dev,,0,,0,0,0,5,,,5,1,0,0,1
m58,test,,1,1,1,1,1,6,1,1,1,1,1,1,0
m59,dev,,0,,0,0,0,6,,,2,1,1,0,0
m60,test,1,1,,0,0,0,19,1,,1,1,1,0,0
m61,dev,,0,,0,0,0,11,,,,1,1,0,0
m62,test,,,,0,0,0,6,,,,0,1,0,0
m63,dev,0,0,1,1,1,1,12,1,1,1,1,0,0,0
m64,test,0,1,,0,0,0,7,0,,2,1,1,1,0
m65,dev,0,0,0,1,1,1,14,0,0,2,1,1,0,0
m66,test,,0,1,1,1,1,13,1,1,1,1,0,0,0
m67,dev,,,,0,0,0,,,,,,0,,0
m68,test,1,1,,0,0,0,4,1,,1,1,1,1,0
m69,dev,,1,,0,0,0,7,,,1,1,1,1,0
m70,test,0,1,,0,0,0,8,,,2,1,1,0,0
m71,dev,,1,,0,0,0,4,,,1,1,0,1,0
m73,dev,1,1,1,1,1,1,18,1,1,1,1,0,0,0
m74,test,,1,,0,0,0,12,,,1,1,1,0,0
m75,dev,1,1,,0,0,0,5,1,,1,1,1,1,0
m76,test,,0,1,1,1,1,9,1,0,1,1,1,0,0
m77,dev,0,1,,0,0,0,7,0,,2,1,1,0,0
m78,test,1,1,,0,0,0,5,1,,1,1,1,0,0
m79,dev,,1,1,1,1,1,7,1,1,1,1,1,1,0
m80,test,0,0,,1,1,0,9,0,0,,1,1,0,0
m81,dev,0,0,,0,0,0,10,0,,3,1,1,0,0
m82,test,,0,,0,0,0,6,,,,0,1,0,0
m83,dev,,,,0,0,0,,,,,,0,,0
