id,source,title,page_url,image_url,license,license_url,author,duplicate_of,manufacturer,model,amperage,note
p01,wikimedia,File:Air duct and fuse box in a construction site.jpg,https://commons.wikimedia.org/wiki/File:Air_duct_and_fuse_box_in_a_construction_site.jpg,https://upload.wikimedia.org/wikipedia/commons/1/1c/Air_duct_and_fuse_box_in_a_construction_site.jpg,CC BY 2.0,https://creativecommons.org/licenses/by/2.0,"Paul Cutler from Chaska, USA",,0,0,0,
p02,wikimedia,File:Eaton circuit breaker panel open.JPG,https://commons.wikimedia.org/wiki/File:Eaton_circuit_breaker_panel_open.JPG,https://upload.wikimedia.org/wikipedia/commons/6/62/Eaton_circuit_breaker_panel_open.JPG,CC BY-SA 3.0,https://creativecommons.org/licenses/by-sa/3.0,BrokenSphere,,1,0,0,"Eaton door label, fine print not legible"
p03,wikimedia,File:Fuse box in old apartment building.JPG,https://commons.wikimedia.org/wiki/File:Fuse_box_in_old_apartment_building.JPG,https://upload.wikimedia.org/wikipedia/commons/f/f1/Fuse_box_in_old_apartment_building.JPG,CC BY-SA 3.0,https://creativecommons.org/licenses/by-sa/3.0,Dmitry G,,0,0,0,
p04,wikimedia,File:Eaton circuit breaker panel closed.JPG,https://commons.wikimedia.org/wiki/File:Eaton_circuit_breaker_panel_closed.JPG,https://upload.wikimedia.org/wikipedia/commons/e/ec/Eaton_circuit_breaker_panel_closed.JPG,CC BY-SA 3.0,https://creativecommons.org/licenses/by-sa/3.0,BrokenSphere,,1,0,0,"Eaton logo on closed door, small"
p05,wikimedia,File:Nice USSR fuse box.JPG,https://commons.wikimedia.org/wiki/File:Nice_USSR_fuse_box.JPG,https://upload.wikimedia.org/wikipedia/commons/c/c9/Nice_USSR_fuse_box.JPG,CC BY-SA 3.0,https://creativecommons.org/licenses/by-sa/3.0,Dmitry G,,0,0,0,
p06,wikimedia,File:Murray-fuse-box.jpg,https://commons.wikimedia.org/wiki/File:Murray-fuse-box.jpg,https://upload.wikimedia.org/wikipedia/commons/b/b0/Murray-fuse-box.jpg,CC BY 2.0,https://creativecommons.org/licenses/by/2.0,"Original photo: p.Gordon on Flickr Modified by Gazebo on June 1, 2014 with cropping, lossless optimi",,0,0,0,
p07,wikimedia,File:Stab-Lok circuit breaker panel interior .jpg,https://commons.wikimedia.org/wiki/File:Stab-Lok_circuit_breaker_panel_interior_.jpg,https://upload.wikimedia.org/wikipedia/commons/1/19/Stab-Lok_circuit_breaker_panel_interior_.jpg,CC BY-SA 4.0,https://creativecommons.org/licenses/by-sa/4.0,Repeater-reclaim,,1,1,1,Federal Pacific Stab-Lok load center; main handle 100
p08,wikimedia,File:EMU100 Breaker Panel EP101 DSC 0886.jpg,https://commons.wikimedia.org/wiki/File:EMU100_Breaker_Panel_EP101_DSC_0886.jpg,https://upload.wikimedia.org/wikipedia/commons/f/f1/EMU100_Breaker_Panel_EP101_DSC_0886.jpg,CC BY-SA 3.0,https://creativecommons.org/licenses/by-sa/3.0,Lexcie,,0,0,0,
p09,wikimedia,"File:Жаркент, дунганская мечеть, щитки.jpg","https://commons.wikimedia.org/wiki/File:%D0%96%D0%B0%D1%80%D0%BA%D0%B5%D0%BD%D1%82,_%D0%B4%D1%83%D0%BD%D0%B3%D0%B0%D0%BD%D1%81%D0%BA%D0%B0%D1%8F_%D0%BC%D0%B5%D1%87%D0%B5%D1%82%D1%8C,_%D1%89%D0%B8%D1%82%D0%BA%D0%B8.jpg",https://thumb.wikimedia.org/wikipedia/commons/thumb/5/59/%D0%96%D0%B0%D1%80%D0%BA%D0%B5%D0%BD%D1%82%2C_%D0%B4%D1%83%D0%BD%D0%B3%D0%B0%D0%BD%D1%81%D0%BA%D0%B0%D1%8F_%D0%BC%D0%B5%D1%87%D0%B5%D1%82%D1%8C%2C_%D1%89%D0%B8%D1%82%D0%BA%D0%B8.jpg/3840px-%D0%96%D0%B0%D1%80%D0%BA%D0%B5%D0%BD%D1%82%2C_%D0%B4%D1%83%D0%BD%D0%B3%D0%B0%D0%BD%D1%81%D0%BA%D0%B0%D1%8F_%D0%BC%D0%B5%D1%87%D0%B5%D1%82%D1%8C%2C_%D1%89%D0%B8%D1%82%D0%BA%D0%B8.jpg,CC BY-SA 4.0,https://creativecommons.org/licenses/by-sa/4.0,Nikolai Bulykin,,0,0,0,
p10,wikimedia,EMU100 Breaker Panel EP101 DSC 0886,https://commons.wikimedia.org/w/index.php?curid=115094472,https://upload.wikimedia.org/wikipedia/commons/f/f1/EMU100_Breaker_Panel_EP101_DSC_0886.jpg,CC BY-SA 3.0,https://creativecommons.org/licenses/by-sa/3.0/,Lexcie,p08,0,0,0,
p11,wikimedia,Stab-Lok circuit breaker panel interior,https://commons.wikimedia.org/w/index.php?curid=108022261,https://upload.wikimedia.org/wikipedia/commons/1/19/Stab-Lok_circuit_breaker_panel_interior_.jpg,CC BY-SA 4.0,https://creativecommons.org/licenses/by-sa/4.0/,Repeater-reclaim,p07,0,0,0,
p12,wikimedia,Schneider Electric 1-Phase 100-Amp Residential Breaker Panel,https://commons.wikimedia.org/w/index.php?curid=25772432,https://upload.wikimedia.org/wikipedia/commons/1/1d/Schneider_Electric_1-Phase_100-Amp_Residential_Breaker_Panel.JPG,CC BY-SA 3.0,https://creativecommons.org/licenses/by-sa/3.0/,Kevin Kiefuik,,1,0,0,"Schneider Electric label on side, fine print not legible"
p13,wikimedia,Eaton circuit breaker panel open,https://commons.wikimedia.org/w/index.php?curid=3898593,https://upload.wikimedia.org/wikipedia/commons/6/62/Eaton_circuit_breaker_panel_open.JPG,CC BY-SA 3.0,https://creativecommons.org/licenses/by-sa/3.0/,BrokenSphere,p02,0,0,0,
p14,wikimedia,Eaton circuit breaker panel closed,https://commons.wikimedia.org/w/index.php?curid=3898597,https://upload.wikimedia.org/wikipedia/commons/e/ec/Eaton_circuit_breaker_panel_closed.JPG,CC BY-SA 3.0,https://creativecommons.org/licenses/by-sa/3.0/,BrokenSphere,p04,0,0,0,
p15,wikimedia,Electrical panel and subpanel with cover removed from subpanel,https://commons.wikimedia.org/w/index.php?curid=28566920,https://upload.wikimedia.org/wikipedia/commons/e/ef/Electrical_panel_and_subpanel_with_cover_removed_from_subpanel.jpg,CC BY-SA 3.0,https://creativecommons.org/licenses/by-sa/3.0/,Gvolk,,0,0,0,
p16,wikimedia,Electrical panels in 1946 house,https://commons.wikimedia.org/w/index.php?curid=119120895,https://upload.wikimedia.org/wikipedia/commons/a/a3/Electrical_panels_in_1946_house.jpg,CC BY-SA 4.0,https://creativecommons.org/licenses/by-sa/4.0/,Circacies,,1,0,0,"Frank Adam badge on deadfront, small"
p17,wikimedia,File:OpenClosedPanelboardEEUU(GE)CloseupTop.jpg,https://commons.wikimedia.org/wiki/File:OpenClosedPanelboardEEUU(GE)CloseupTop.jpg,https://upload.wikimedia.org/wikipedia/commons/e/ef/OpenClosedPanelboardEEUU%28GE%29CloseupTop.jpg,Public domain,,Where at English Wikipedia,,0,0,1,main handle 100; no maker text
p18,wikimedia,File:Wall Circuit Breaker and Wiring.jpg,https://commons.wikimedia.org/wiki/File:Wall_Circuit_Breaker_and_Wiring.jpg,https://upload.wikimedia.org/wikipedia/commons/5/55/Wall_Circuit_Breaker_and_Wiring.jpg,CC0,http://creativecommons.org/publicdomain/zero/1.0/deed.en,Paul The Writer,,0,0,0,
p19,wikimedia,US wiring basement-panel,https://commons.wikimedia.org/w/index.php?curid=25730113,https://upload.wikimedia.org/wikipedia/commons/5/5d/US_wiring_basement-panel.jpg,CC BY 2.0,https://creativecommons.org/licenses/by/2.0/,davef3138,,0,0,0,
p20,wikimedia,Electrical panel opened,https://commons.wikimedia.org/w/index.php?curid=112407360,https://upload.wikimedia.org/wikipedia/commons/6/65/Electrical_panel_opened.jpg,CC BY-SA 4.0,https://creativecommons.org/licenses/by-sa/4.0/,FuriousYogi,,1,0,0,"Eaton door label, fine print not legible"
p21,wikimedia,File:Seattle - Moore Theatre - electricals 02.jpg,https://commons.wikimedia.org/wiki/File:Seattle_-_Moore_Theatre_-_electricals_02.jpg,https://upload.wikimedia.org/wikipedia/commons/8/81/Seattle_-_Moore_Theatre_-_electricals_02.jpg,CC BY-SA 3.0,http://creativecommons.org/licenses/by-sa/3.0/,Joe Mabel.,,0,0,0,
p22,wikimedia,File:EEUU(GE)BreakerpanelInnards.jpg,https://commons.wikimedia.org/wiki/File:EEUU(GE)BreakerpanelInnards.jpg,https://upload.wikimedia.org/wikipedia/commons/e/ea/EEUU%28GE%29BreakerpanelInnards.jpg,Public domain,,The original uploader was Where at English Wikipedia.,,0,0,0,
p23,wikimedia,File:US wiring basement-panel.jpg,https://commons.wikimedia.org/wiki/File:US_wiring_basement-panel.jpg,https://upload.wikimedia.org/wikipedia/commons/5/5d/US_wiring_basement-panel.jpg,CC BY 2.0,https://creativecommons.org/licenses/by/2.0,davef3138,p19,0,0,0,
p24,wikimedia,File:Electrical panel and subpanel with cover removed from subpanel.jpg,https://commons.wikimedia.org/wiki/File:Electrical_panel_and_subpanel_with_cover_removed_from_subpanel.jpg,https://upload.wikimedia.org/wikipedia/commons/e/ef/Electrical_panel_and_subpanel_with_cover_removed_from_subpanel.jpg,CC BY-SA 3.0,https://creativecommons.org/licenses/by-sa/3.0,Gvolk,p15,0,0,0,
p25,wikimedia,File:Electrical panel opened.jpg,https://commons.wikimedia.org/wiki/File:Electrical_panel_opened.jpg,https://upload.wikimedia.org/wikipedia/commons/6/65/Electrical_panel_opened.jpg,CC BY-SA 4.0,https://creativecommons.org/licenses/by-sa/4.0,FuriousYogi,p20,0,0,0,
p26,wikimedia,File:Exposed Wall Wiring and Breaker Box.jpg,https://commons.wikimedia.org/wiki/File:Exposed_Wall_Wiring_and_Breaker_Box.jpg,https://thumb.wikimedia.org/wikipedia/commons/thumb/1/18/Exposed_Wall_Wiring_and_Breaker_Box.jpg/3840px-Exposed_Wall_Wiring_and_Breaker_Box.jpg,CC0,http://creativecommons.org/publicdomain/zero/1.0/deed.en,Paul The Writer,,0,0,0,
p27,wikimedia,File:Fuse box grounded to hot wire.JPG,https://commons.wikimedia.org/wiki/File:Fuse_box_grounded_to_hot_wire.JPG,https://upload.wikimedia.org/wikipedia/commons/e/e5/Fuse_box_grounded_to_hot_wire.JPG,CC BY-SA 3.0,https://creativecommons.org/licenses/by-sa/3.0,Dmitry G,,0,0,0,
p28,flickr,HipstaPrint Circuit Breaker Box,https://www.flickr.com/photos/10710442@N08/18787764101,https://live.staticflickr.com/364/18787764101_47939ef1ef_b.jpg,CC BY 2.0,https://creativecommons.org/licenses/by/2.0/,Steve Snodgrass,,0,0,0,
p29,wikimedia,File:Distribution board in Slovakia 01.jpg,https://commons.wikimedia.org/wiki/File:Distribution_board_in_Slovakia_01.jpg,https://thumb.wikimedia.org/wikipedia/commons/thumb/0/0a/Distribution_board_in_Slovakia_01.jpg/3840px-Distribution_board_in_Slovakia_01.jpg,CC BY 4.0,https://creativecommons.org/licenses/by/4.0,Oto Zapletal,,0,0,0,
p30,wikimedia,File:Old Soviet distribution board.JPG,https://commons.wikimedia.org/wiki/File:Old_Soviet_distribution_board.JPG,https://upload.wikimedia.org/wikipedia/commons/9/9d/Old_Soviet_distribution_board.JPG,CC BY-SA 3.0,https://creativecommons.org/licenses/by-sa/3.0,Pinot,,0,0,0,
p31,flickr,Abandoned Dairy Factory (8),https://www.flickr.com/photos/30036111@N04/8170430415,https://live.staticflickr.com/8197/8170430415_e03ca117e4_b.jpg,CC BY 2.0,https://creativecommons.org/licenses/by/2.0/,janbommes,,0,0,0,
p32,wikimedia,File:Electrical panels in 1946 house.jpg,https://commons.wikimedia.org/wiki/File:Electrical_panels_in_1946_house.jpg,https://upload.wikimedia.org/wikipedia/commons/a/a3/Electrical_panels_in_1946_house.jpg,CC BY-SA 4.0,https://creativecommons.org/licenses/by-sa/4.0,Circacies,p16,0,0,0,
p33,wikimedia,File:Square D main circuit breaker from 1946.jpg,https://commons.wikimedia.org/wiki/File:Square_D_main_circuit_breaker_from_1946.jpg,https://upload.wikimedia.org/wikipedia/commons/f/f6/Square_D_main_circuit_breaker_from_1946.jpg,CC BY-SA 4.0,https://creativecommons.org/licenses/by-sa/4.0,Circacies,,1,1,0,Square D Multi-Breaker main; handle rating too small to read
p34,wikimedia,File:Square D 20-Amp Double-Pole Breaker (1).JPG,https://commons.wikimedia.org/wiki/File:Square_D_20-Amp_Double-Pole_Breaker_(1).JPG,https://upload.wikimedia.org/wikipedia/commons/6/65/Square_D_20-Amp_Double-Pole_Breaker_%281%29.JPG,CC BY-SA 3.0,https://creativecommons.org/licenses/by-sa/3.0,CyberXRef,,0,0,0,
p35,wikimedia,File:Square D 20-Amp Single-Pole Breaker (1).JPG,https://commons.wikimedia.org/wiki/File:Square_D_20-Amp_Single-Pole_Breaker_(1).JPG,https://upload.wikimedia.org/wikipedia/commons/c/cf/Square_D_20-Amp_Single-Pole_Breaker_%281%29.JPG,CC BY-SA 3.0,https://creativecommons.org/licenses/by-sa/3.0,CyberXRef,,0,0,0,
p36,flickr,Main house breaker and old meter,https://www.flickr.com/photos/35034363486@N01/1462085618,https://live.staticflickr.com/1247/1462085618_5918e51aab_b.jpg,CC BY 2.0,https://creativecommons.org/licenses/by/2.0/,Mike Weston,,0,0,0,
p37,wikimedia,Frank Adam electrical panel label from 1946,https://commons.wikimedia.org/w/index.php?curid=119120896,https://upload.wikimedia.org/wikipedia/commons/f/f1/Frank_Adam_electrical_panel_label_from_1946.jpg,CC BY-SA 4.0,https://creativecommons.org/licenses/by-sa/4.0/,Circacies,,1,1,1,"Frank Adam load center nameplate, 100 A, catalogue number"
p38,wordpress,"Close-up of a 200-amp breaker in the ON position, with red, black, blue, yellow, and brown wires con",https://wordpress.org/photos/photo/515687aa4e/,https://pd.w.org/2025/07/515687aa4ebe1f8c3.25750924-2048x1152.jpg,CC CC0 1.0,https://creativecommons.org/publicdomain/zero/1.0/,Moses Cursor Ssebunya,,1,0,1,"Indian 200 A moulded-case main breaker, not a US residential panel"
p39,flickr,Electrical panel finished,https://www.flickr.com/photos/34197011@N00/202290783,https://live.staticflickr.com/70/202290783_65a8eead40_b.jpg,CC BY-SA 2.0,https://creativecommons.org/licenses/by-sa/2.0/,scottbb,,0,0,0,
p40,flickr,Electrical closeup,https://www.flickr.com/photos/34197011@N00/202290560,https://live.staticflickr.com/71/202290560_fb40def5b7_b.jpg,CC BY-SA 2.0,https://creativecommons.org/licenses/by-sa/2.0/,scottbb,,1,0,1,"Siemens main breaker, 150 A"
p41,flickr,Megger testing the main and branch breakers in electrical panels in a power substation in Queens. 09,https://www.flickr.com/photos/59595815@N03/48689467532,https://live.staticflickr.com/65535/48689467532_8dcb145f84_b.jpg,CC BY 2.0,https://creativecommons.org/licenses/by/2.0/,MTA C&D - EAST SIDE ACCESS,,0,0,0,
p42,flickr,Electrical hazard in old panel,https://www.flickr.com/photos/26670433@N07/27652554691,https://live.staticflickr.com/7446/27652554691_91a0a15969_b.jpg,CC BY 2.0,https://creativecommons.org/licenses/by/2.0/,davef3138,,0,0,0,
p43,flickr,200A main panel,https://www.flickr.com/photos/26670433@N07/36167061425,https://live.staticflickr.com/4315/36167061425_09b0334565_b.jpg,CC BY 2.0,https://creativecommons.org/licenses/by/2.0/,davef3138,,0,0,0,
p44,flickr,Mains switch/breaker panel...,https://www.flickr.com/photos/91198056@N00/8295829115,https://live.staticflickr.com/8076/8295829115_a0ac42fbf9.jpg,CC BY 2.0,https://creativecommons.org/licenses/by/2.0/,Podknox,,0,0,0,
p45,wikimedia,Megger testing the main and branch breakers in electrical panels in a power substation in Queens. 09,https://commons.wikimedia.org/w/index.php?curid=86620496,https://upload.wikimedia.org/wikipedia/commons/6/62/Megger_testing_the_main_and_branch_breakers_in_electrical_panels_in_a_power_substation_in_Queens._09-04-2019_%2848689467532%29.jpg,CC BY 2.0,https://creativecommons.org/licenses/by/2.0/,MTA Capital Construction Mega Projects,p41,0,0,0,
p46,flickr,Preparation for injection testing after an electrical panel upgrade. 06-25-19,https://www.flickr.com/photos/59595815@N03/48146653086,https://live.staticflickr.com/65535/48146653086_50528e0cf2_b.jpg,CC BY 2.0,https://creativecommons.org/licenses/by/2.0/,MTA C&D - EAST SIDE ACCESS,,0,0,0,
p47,flickr,Electrical panel upgrade,https://www.flickr.com/photos/26670433@N07/27161367425,https://live.staticflickr.com/7342/27161367425_0202dfd83c_b.jpg,CC BY 2.0,https://creativecommons.org/licenses/by/2.0/,davef3138,,0,0,0,
p48,flickr,1 electrical panel upgrade before - Copy,https://www.flickr.com/photos/62485517@N08/13018082643,https://live.staticflickr.com/7366/13018082643_b2bbe0a94d.jpg,CC BY 2.0,https://creativecommons.org/licenses/by/2.0/,fallsavenuevintagefashion,,0,0,0,
p49,flickr,2 electrical panel upgrade after - Copy,https://www.flickr.com/photos/62485517@N08/13017916415,https://live.staticflickr.com/7410/13017916415_b4b638122e.jpg,CC BY 2.0,https://creativecommons.org/licenses/by/2.0/,fallsavenuevintagefashion,,0,0,0,
p50,flickr,Electrical Panel upgrade,https://www.flickr.com/photos/193473686@N05/52584053369,https://live.staticflickr.com/65535/52584053369_2f99fc876f_b.jpg,CC BY 2.0,https://creativecommons.org/licenses/by/2.0/,Phyxter Home Services,,0,0,0,
p51,flickr,Performing injection testing on the electrical breakers after a panel upgrade in a power substation.,https://www.flickr.com/photos/59595815@N03/48105050226,https://live.staticflickr.com/65535/48105050226_1fafc2c9fe_b.jpg,CC BY 2.0,https://creativecommons.org/licenses/by/2.0/,MTA C&D - EAST SIDE ACCESS,,0,0,0,
p52,flickr,Electric service upgrade,https://www.flickr.com/photos/26670433@N07/27652552351,https://live.staticflickr.com/7687/27652552351_07da08535b_b.jpg,CC BY 2.0,https://creativecommons.org/licenses/by/2.0/,davef3138,,0,0,0,
p53,flickr,Electric service upgrade,https://www.flickr.com/photos/26670433@N07/27652555241,https://live.staticflickr.com/7249/27652555241_a39d5d9ea3_b.jpg,CC BY 2.0,https://creativecommons.org/licenses/by/2.0/,davef3138,,0,0,0,
p54,flickr,Upstairs MR breaker panel,https://www.flickr.com/photos/21881956@N05/3726676241,https://live.staticflickr.com/2555/3726676241_fc8c1fb85a_b.jpg,CC BY 2.0,https://creativecommons.org/licenses/by/2.0/,vaxomatic,,0,0,0,
p55,flickr,2012-09-05_040504_ac-breaker-panel,https://www.flickr.com/photos/62485517@N08/8453699897,https://live.staticflickr.com/8088/8453699897_9d6756767b_m.jpg,CC BY 2.0,https://creativecommons.org/licenses/by/2.0/,fallsavenuevintagefashion,,0,0,0,
p56,flickr,20051008main-panel-lower,https://www.flickr.com/photos/26670433@N07/3573729611,https://live.staticflickr.com/3621/3573729611_aa19d11b16_b.jpg,CC BY 2.0,https://creativecommons.org/licenses/by/2.0/,davef3138,,1,0,0,Square D logos on breakers only
p57,flickr,Old panel,https://www.flickr.com/photos/26670433@N07/27573940545,https://live.staticflickr.com/7453/27573940545_3463f959d5_b.jpg,CC BY 2.0,https://creativecommons.org/licenses/by/2.0/,davef3138,,0,0,0,
p58,wikimedia,File:Breakerpanel-level4-inside-view135dl.jpg,https://commons.wikimedia.org/w/index.php?curid=47145303,https://upload.wikimedia.org/wikipedia/commons/c/cf/Breakerpanel-level4-inside-view135dl.jpg,CC BY-SA 3.0,https://creativecommons.org/licenses/by-sa/3.0/,The original uploader was Glogger at English Wikipedia.,,0,0,0,
p59,flickr,Snow-filled Electrical Panel,https://www.flickr.com/photos/57202181@N05/5905086734,https://live.staticflickr.com/5277/5905086734_016c63fcf9_b.jpg,CC BY 2.0,https://creativecommons.org/licenses/by/2.0/,Alan R. Light,,0,0,0,
p60,flickr,"Day Fifteen, Electrical Panel",https://www.flickr.com/photos/37663331@N00/2587104216,https://live.staticflickr.com/3029/2587104216_81b497106a_b.jpg,CC BY-SA 2.0,https://creativecommons.org/licenses/by-sa/2.0/,Numinosity by Gary J Wood,,0,0,0,
p61,flickr,Old Electrical Panel,https://www.flickr.com/photos/18658635@N00/15391420009,https://live.staticflickr.com/3956/15391420009_e0926596df_b.jpg,CC BY-SA 2.0,https://creativecommons.org/licenses/by-sa/2.0/,Patty OK,,0,0,0,
p62,flickr,Old electric panel in my backyard,https://www.flickr.com/photos/65588072@N00/126123291,https://live.staticflickr.com/53/126123291_4418fea272_b.jpg,CC BY-SA 2.0,https://creativecommons.org/licenses/by-sa/2.0/,thomascrenshaw,,0,0,0,
p63,flickr,Electric Panel in Shed,https://www.flickr.com/photos/79155290@N06/48990697453,https://live.staticflickr.com/65535/48990697453_ec4549e3a2_b.jpg,CC BY 2.0,https://creativecommons.org/licenses/by/2.0/,bobcapra,,1,1,1,"Square D QO load center label, mains 100 A"
p64,flickr,Electric Panel in Shed,https://www.flickr.com/photos/79155290@N06/48990697533,https://live.staticflickr.com/65535/48990697533_09bc11eca2_b.jpg,CC BY 2.0,https://creativecommons.org/licenses/by/2.0/,bobcapra,,1,1,1,"same panel as p63, wider view"
p65,wikimedia,"Antarctica electrical panel, wired",https://commons.wikimedia.org/w/index.php?curid=25730249,https://upload.wikimedia.org/wikipedia/commons/d/da/Antarctica_electrical_panel%2C_wired.jpg,CC BY-SA 2.0,https://creativecommons.org/licenses/by-sa/2.0/,Eli Duke,,0,0,0,
p66,wikimedia,Instructions on an electric panel in an apartment,https://commons.wikimedia.org/w/index.php?curid=71311202,https://upload.wikimedia.org/wikipedia/commons/4/4c/Instructions_on_an_electric_panel_in_an_apartment.jpg,CC BY-SA 4.0,https://creativecommons.org/licenses/by-sa/4.0/,Dquai,,1,1,1,"GE load center wiring-diagram label, 125 A"
p67,flickr,Painting near breaker box #1,https://www.flickr.com/photos/68552389@N00/642732090,https://live.staticflickr.com/1298/642732090_2822a28e7c.jpg,CC BY 2.0,https://creativecommons.org/licenses/by/2.0/,cbb4104,,0,0,0,
p68,flickr,breaker box,https://www.flickr.com/photos/14381622@N00/10386983003,https://live.staticflickr.com/3773/10386983003_286abfac51.jpg,CC BY-SA 2.0,https://creativecommons.org/licenses/by-sa/2.0/,JSF539,,0,0,0,
p69,flickr,Super Breakers,https://www.flickr.com/photos/24192350@N03/4383213682,https://live.staticflickr.com/4040/4383213682_9b5c59d599_b.jpg,CC BY 2.0,https://creativecommons.org/licenses/by/2.0/,StickerGiant,,0,0,0,
p70,wikimedia,Seattle - Moore Theatre - electricals 02,https://commons.wikimedia.org/w/index.php?curid=3247946,https://upload.wikimedia.org/wikipedia/commons/8/81/Seattle_-_Moore_Theatre_-_electricals_02.jpg,CC BY-SA 3.0,https://creativecommons.org/licenses/by-sa/3.0/,Joe Mabel.,p21,0,0,0,
p71,flickr,Fuse box,https://www.flickr.com/photos/64401168@N00/4723843707,https://live.staticflickr.com/1201/4723843707_03e8fe7cde_b.jpg,CC BY 2.0,https://creativecommons.org/licenses/by/2.0/,Average Jane,,1,1,1,"Square D switch and fuse cabinet nameplate, 60 A"
p72,flickr,Fuse box,https://www.flickr.com/photos/69024677@N00/2355953595,https://live.staticflickr.com/2101/2355953595_6541da1784_b.jpg,CC BY 2.0,https://creativecommons.org/licenses/by/2.0/,Giles Douglas,,0,0,0,
p73,flickr,Overkill fuse box,https://www.flickr.com/photos/69024677@N00/2408454318,https://live.staticflickr.com/3272/2408454318_04fafa9520_b.jpg,CC BY 2.0,https://creativecommons.org/licenses/by/2.0/,Giles Douglas,,0,0,0,
p74,flickr,Fuse box w/o permit and missing labels,https://www.flickr.com/photos/14529688@N08/6164685732,https://live.staticflickr.com/6168/6164685732_6ee8277d7f_b.jpg,CC BY 2.0,https://creativecommons.org/licenses/by/2.0/,Ken_Mayer,,1,0,0,GE logo on door label
p75,flickr,Circuit breakers,https://www.flickr.com/photos/44124483743@N01/3957069731,https://live.staticflickr.com/2491/3957069731_055b58eda8_b.jpg,CC BY 2.0,https://creativecommons.org/licenses/by/2.0/,brownpau,,1,0,0,"Square D door label, fine print not legible at 1024 px"
p76,flickr,Circuit Breaker,https://www.flickr.com/photos/49062413@N00/3354702763,https://live.staticflickr.com/3550/3354702763_a5a814c903_b.jpg,CC BY 2.0,https://creativecommons.org/licenses/by/2.0/,Helga's Lobster Stew,,1,0,0,"Westinghouse 15 A breaker plate, not a main"
p77,wikimedia,Square D main circuit breaker from 1946,https://commons.wikimedia.org/w/index.php?curid=119120894,https://upload.wikimedia.org/wikipedia/commons/f/f6/Square_D_main_circuit_breaker_from_1946.jpg,CC BY-SA 4.0,https://creativecommons.org/licenses/by-sa/4.0/,Circacies,p33,0,0,0,
p78,flickr,Old service panel,https://www.flickr.com/photos/87836984@N00/385715312,https://live.staticflickr.com/148/385715312_c0f0659ad4_b.jpg,CC BY-SA 2.0,https://creativecommons.org/licenses/by-sa/2.0/,claytron,,0,0,0,
