t,x,y,z
100.0,-9.81,0.0,0.0
100.01,-9.81,0.0,0.0
100.02,-9.81,0.0,0.0
100.03,-9.81,0.0,0.0
100.04,-9.81,0.0,0.0
100.05,-9.81,0.0,0.0
100.06,-9.81,0.0,0.0
100.07,-9.81,0.0,0.0
100.08,-9.81,0.0,0.0
100.09,-9.81,0.0,0.0
100.1,-9.81,0.0,0.0
100.11,-9.81,0.0,0.0
100.12,-9.81,0.0,0.0
100.13,-9.81,0.0,0.0
100.14,-9.81,0.0,0.0
100.15,-9.81,0.0,0.0
100.16,-9.81,0.0,0.0
100.17,-9.81,0.0,0.0
100.18,-9.81,0.0,0.0
100.19,-9.81,0.0,0.0
100.2,-9.81,0.0,0.0
100.21,-9.81,0.0,0.0
100.22,-9.81,0.0,0.0
100.23,-9.81,0.0,0.0
100.24,-9.81,0.0,0.0
100.25,-9.81,0.0,0.0
100.26,-9.81,0.0,0.0
100.27,-9.81,0.0,0.0
100.28,-9.81,0.0,0.0
100.29,-9.81,0.0,0.0
100.3,-9.81,0.0,0.0
100.31,-9.81,0.0,0.0
100.32,-9.81,0.0,0.0
100.33,-9.81,0.0,0.0
100.34,-9.81,0.0,0.0
100.35,-9.81,0.0,0.0
100.36,-9.81,0.0,0.0
100.37,-9.81,0.0,0.0
100.38,-9.81,0.0,0.0
100.39,-9.81,0.0,0.0
100.4,-9.81,0.0,0.0
100.41,-9.81,0.0,0.0
100.42,-9.81,0.0,0.0
100.43,-9.81,0.0,0.0
100.44,-9.81,0.0,0.0
100.45,-9.81,0.0,0.0
100.46,-9.81,0.0,0.0
100.47,-9.81,0.0,0.0
100.48,-9.81,0.0,0.0
100.49,-9.81,0.0,0.0
100.5,-9.81,0.0,0.0
100.51,-9.81,0.0,0.0
100.52,-9.81,0.0,0.0
100.53,-9.81,0.0,0.0
100.54,-9.81,0.0,0.0
100.55,-9.81,0.0,0.0
100.56,-9.81,0.0,0.0
100.57,-9.81,0.0,0.0
100.58,-9.81,0.0,0.0
100.59,-9.81,0.0,0.0
100.6,-9.81,0.0,0.0
100.61,-9.81,0.0,0.0
100.62,-9.81,0.0,0.0
100.63,-9.81,0.0,0.0
100.64,-9.81,0.0,0.0
100.65,-9.81,0.0,0.0
100.66,-9.81,0.0,0.0
100.67,-9.81,0.0,0.0
100.68,-9.81,0.0,0.0
100.69,-9.81,0.0,0.0
100.7,-9.81,0.0,0.0
100.71,-9.81,0.0,0.0
100.72,-9.81,0.0,0.0
100.73,-9.81,0.0,0.0
100.74,-9.81,0.0,0.0
100.75,-9.81,0.0,0.0
100.76,-9.81,0.0,0.0
100.77,-9.81,0.0,0.0
100.78,-9.81,0.0,0.0
100.79,-9.81,0.0,0.0
100.8,-9.81,0.0,0.0
100.81,-9.81,0.0,0.0
100.82,-9.81,0.0,0.0
100.83,-9.81,0.0,0.0
100.84,-9.81,0.0,0.0
100.85,-9.81,0.0,0.0
100.86,-9.81,0.0,0.0
100.87,-9.81,0.0,0.0
100.88,-9.81,0.0,0.0
100.89,-9.81,0.0,0.0
100.9,-9.81,0.0,0.0
100.91,-9.81,0.0,0.0
100.92,-9.81,0.0,0.0
100.93,-9.81,0.0,0.0
100.94,-9.81,0.0,0.0
100.95,-9.81,0.0,0.0
100.96,-9.81,0.0,0.0
100.97,-9.81,0.0,0.0
100.98,-9.81,0.0,0.0
100.99,-9.81,0.0,0.0
101.0,-9.81,0.0,0.0
101.01,-9.81,0.0,0.0
101.02,-9.81,0.0,0.0
101.03,-9.81,0.0,0.0
101.04,-9.81,0.0,0.0
101.05,-9.81,0.0,0.0
101.06,-9.81,0.0,0.0
101.07,-9.81,0.0,0.0
101.08,-9.81,0.0,0.0
101.09,-9.81,0.0,0.0
101.1,-9.81,0.0,0.0
101.11,-9.81,0.0,0.0
101.12,-9.81,0.0,0.0
101.13,-9.81,0.0,0.0
101.14,-9.81,0.0,0.0
101.15,-9.81,0.0,0.0
101.16,-9.81,0.0,0.0
101.17,-9.81,0.0,0.0
101.18,-9.81,0.0,0.0
101.19,-9.81,0.0,0.0
101.2,-9.81,0.0,0.0
101.21,-9.81,0.0,0.0
101.22,-9.81,0.0,0.0
101.23,-9.81,0.0,0.0
101.24,-9.81,0.0,0.0
101.25,-9.81,0.0,0.0
101.26,-9.81,0.0,0.0
101.27,-9.81,0.0,0.0
101.28,-9.81,0.0,0.0
101.29,-9.81,0.0,0.0
101.3,-9.81,0.0,0.0
101.31,-9.81,0.0,0.0
101.32,-9.81,0.0,0.0
101.33,-9.81,0.0,0.0
101.34,-9.81,0.0,0.0
101.35,-9.81,0.0,0.0
101.36,-9.81,0.0,0.0
101.37,-9.81,0.0,0.0
101.38,-9.81,0.0,0.0
101.39,-9.81,0.0,0.0
101.4,-9.81,0.0,0.0
101.41,-9.81,0.0,0.0
101.42,-9.81,0.0,0.0
101.43,-9.81,0.0,0.0
101.44,-9.81,0.0,0.0
101.45,-9.81,0.0,0.0
101.46,-9.81,0.0,0.0
101.47,-9.81,0.0,0.0
101.48,-9.81,0.0,0.0
101.49,-9.81,0.0,0.0
101.5,-9.81,0.0,0.0
101.51,-9.81,0.0,0.0
101.52,-9.81,0.0,0.0
101.53,-9.81,0.0,0.0
101.54,-9.81,0.0,0.0
101.55,-9.81,0.0,0.0
101.56,-9.81,0.0,0.0
101.57,-9.81,0.0,0.0
101.58,-9.81,0.0,0.0
101.59,-9.81,0.0,0.0
101.6,-9.81,0.0,0.0
101.61,-9.81,0.0,0.0
101.62,-9.81,0.0,0.0
101.63,-9.81,0.0,0.0
101.64,-9.81,0.0,0.0
101.65,-9.81,0.0,0.0
101.66,-9.81,0.0,0.0
101.67,-9.81,0.0,0.0
101.68,-9.81,0.0,0.0
101.69,-9.81,0.0,0.0
101.7,-9.81,0.0,0.0
101.71,-9.81,0.0,0.0
101.72,-9.81,0.0,0.0
101.73,-9.81,0.0,0.0
101.74,-9.81,0.0,0.0
101.75,-9.81,0.0,0.0
101.76,-9.81,0.0,0.0
101.77,-9.81,0.0,0.0
101.78,-9.81,0.0,0.0
101.79,-9.81,0.0,0.0
101.8,-9.81,0.0,0.0
101.81,-9.81,0.0,0.0
101.82,-9.81,0.0,0.0
101.83,-9.81,0.0,0.0
101.84,-9.81,0.0,0.0
101.85,-9.81,0.0,0.0
101.86,-9.81,0.0,0.0
101.87,-9.81,0.0,0.0
101.88,-9.81,0.0,0.0
101.89,-9.81,0.0,0.0
101.9,-9.81,0.0,0.0
101.91,-9.81,0.0,0.0
101.92,-9.81,0.0,0.0
101.93,-9.81,0.0,0.0
101.94,-9.81,0.0,0.0
101.95,-9.81,0.0,0.0
101.96,-9.81,0.0,0.0
101.97,-9.81,0.0,0.0
101.98,-9.81,0.0,0.0
101.99,-9.81,0.0,0.0
