t,qx,qy,qz,qw,gravity_x,gravity_y,gravity_z,user_accel_x,user_accel_y,user_accel_z,rotation_rate_x,rotation_rate_y,rotation_rate_z,heading_deg
100.0,0,0,0,1,-1,0,0,0,0,0,0,0,0,90.0
100.01,0,0,0,1,-1,0,0,0,0,0,0,0,0,90.0
100.02,0,0,0,1,-1,0,0,0,0,0,0,0,0,90.0
100.03,0,0,0,1,-1,0,0,0,0,0,0,0,0,90.0
100.04,0,0,0,1,-1,0,0,0,0,0,0,0,0,90.0
100.05,0,0,0,1,-1,0,0,0,0,0,0,0,0,90.0
100.06,0,0,0,1,-1,0,0,0,0,0,0,0,0,90.0
100.07,0,0,0,1,-1,0,0,0,0,0,0,0,0,90.0
100.08,0,0,0,1,-1,0,0,0,0,0,0,0,0,90.0
100.09,0,0,0,1,-1,0,0,0,0,0,0,0,0,90.0
100.1,0,0,0,1,-1,0,0,0,0,0,0,0,0,90.0
100.11,0,0,0,1,-1,0,0,0,0,0,0,0,0,90.0
100.12,0,0,0,1,-1,0,0,0,0,0,0,0,0,90.0
100.13,0,0,0,1,-1,0,0,0,0,0,0,0,0,90.0
100.14,0,0,0,1,-1,0,0,0,0,0,0,0,0,90.0
100.15,0,0,0,1,-1,0,0,0,0,0,0,0,0,90.0
100.16,0,0,0,1,-1,0,0,0,0,0,0,0,0,90.0
100.17,0,0,0,1,-1,0,0,0,0,0,0,0,0,90.0
100.18,0,0,0,1,-1,0,0,0,0,0,0,0,0,90.0
100.19,0,0,0,1,-1,0,0,0,0,0,0,0,0,90.0
100.2,0,0,0,1,-1,0,0,0,0,0,0,0,0,90.0
100.21,0,0,0,1,-1,0,0,0,0,0,0,0,0,90.0
100.22,0,0,0,1,-1,0,0,0,0,0,0,0,0,90.0
100.23,0,0,0,1,-1,0,0,0,0,0,0,0,0,90.0
100.24,0,0,0,1,-1,0,0,0,0,0,0,0,0,90.0
100.25,0,0,0,1,-1,0,0,0,0,0,0,0,0,90.0
100.26,0,0,0,1,-1,0,0,0,0,0,0,0,0,90.0
100.27,0,0,0,1,-1,0,0,0,0,0,0,0,0,90.0
100.28,0,0,0,1,-1,0,0,0,0,0,0,0,0,90.0
100.29,0,0,0,1,-1,0,0,0,0,0,0,0,0,90.0
100.3,0,0,0,1,-1,0,0,0,0,0,0,0,0,90.0
100.31,0,0,0,1,-1,0,0,0,0,0,0,0,0,90.0
100.32,0,0,0,1,-1,0,0,0,0,0,0,0,0,90.0
100.33,0,0,0,1,-1,0,0,0,0,0,0,0,0,90.0
100.34,0,0,0,1,-1,0,0,0,0,0,0,0,0,90.0
100.35,0,0,0,1,-1,0,0,0,0,0,0,0,0,90.0
100.36,0,0,0,1,-1,0,0,0,0,0,0,0,0,90.0
100.37,0,0,0,1,-1,0,0,0,0,0,0,0,0,90.0
100.38,0,0,0,1,-1,0,0,0,0,0,0,0,0,90.0
100.39,0,0,0,1,-1,0,0,0,0,0,0,0,0,90.0
100.4,0,0,0,1,-1,0,0,0,0,0,0,0,0,90.0
100.41,0,0,0,1,-1,0,0,0,0,0,0,0,0,90.0
100.42,0,0,0,1,-1,0,0,0,0,0,0,0,0,90.0
100.43,0,0,0,1,-1,0,0,0,0,0,0,0,0,90.0
100.44,0,0,0,1,-1,0,0,0,0,0,0,0,0,90.0
100.45,0,0,0,1,-1,0,0,0,0,0,0,0,0,90.0
100.46,0,0,0,1,-1,0,0,0,0,0,0,0,0,90.0
100.47,0,0,0,1,-1,0,0,0,0,0,0,0,0,90.0
100.48,0,0,0,1,-1,0,0,0,0,0,0,0,0,90.0
100.49,0,0,0,1,-1,0,0,0,0,0,0,0,0,90.0
100.5,0,0,0,1,-1,0,0,0,0,0,0,0,0,90.0
100.51,0,0,0,1,-1,0,0,0,0,0,0,0,0,90.0
100.52,0,0,0,1,-1,0,0,0,0,0,0,0,0,90.0
100.53,0,0,0,1,-1,0,0,0,0,0,0,0,0,90.0
100.54,0,0,0,1,-1,0,0,0,0,0,0,0,0,90.0
100.55,0,0,0,1,-1,0,0,0,0,0,0,0,0,90.0
100.56,0,0,0,1,-1,0,0,0,0,0,0,0,0,90.0
100.57,0,0,0,1,-1,0,0,0,0,0,0,0,0,90.0
100.58,0,0,0,1,-1,0,0,0,0,0,0,0,0,90.0
100.59,0,0,0,1,-1,0,0,0,0,0,0,0,0,90.0
100.6,0,0,0,1,-1,0,0,0,0,0,0,0,0,90.0
100.61,0,0,0,1,-1,0,0,0,0,0,0,0,0,90.0
100.62,0,0,0,1,-1,0,0,0,0,0,0,0,0,90.0
100.63,0,0,0,1,-1,0,0,0,0,0,0,0,0,90.0
100.64,0,0,0,1,-1,0,0,0,0,0,0,0,0,90.0
100.65,0,0,0,1,-1,0,0,0,0,0,0,0,0,90.0
100.66,0,0,0,1,-1,0,0,0,0,0,0,0,0,90.0
100.67,0,0,0,1,-1,0,0,0,0,0,0,0,0,90.0
100.68,0,0,0,1,-1,0,0,0,0,0,0,0,0,90.0
100.69,0,0,0,1,-1,0,0,0,0,0,0,0,0,90.0
100.7,0,0,0,1,-1,0,0,0,0,0,0,0,0,90.0
100.71,0,0,0,1,-1,0,0,0,0,0,0,0,0,90.0
100.72,0,0,0,1,-1,0,0,0,0,0,0,0,0,90.0
100.73,0,0,0,1,-1,0,0,0,0,0,0,0,0,90.0
100.74,0,0,0,1,-1,0,0,0,0,0,0,0,0,90.0
100.75,0,0,0,1,-1,0,0,0,0,0,0,0,0,90.0
100.76,0,0,0,1,-1,0,0,0,0,0,0,0,0,90.0
100.77,0,0,0,1,-1,0,0,0,0,0,0,0,0,90.0
100.78,0,0,0,1,-1,0,0,0,0,0,0,0,0,90.0
100.79,0,0,0,1,-1,0,0,0,0,0,0,0,0,90.0
100.8,0,0,0,1,-1,0,0,0,0,0,0,0,0,90.0
100.81,0,0,0,1,-1,0,0,0,0,0,0,0,0,90.0
100.82,0,0,0,1,-1,0,0,0,0,0,0,0,0,90.0
100.83,0,0,0,1,-1,0,0,0,0,0,0,0,0,90.0
100.84,0,0,0,1,-1,0,0,0,0,0,0,0,0,90.0
100.85,0,0,0,1,-1,0,0,0,0,0,0,0,0,90.0
100.86,0,0,0,1,-1,0,0,0,0,0,0,0,0,90.0
100.87,0,0,0,1,-1,0,0,0,0,0,0,0,0,90.0
100.88,0,0,0,1,-1,0,0,0,0,0,0,0,0,90.0
100.89,0,0,0,1,-1,0,0,0,0,0,0,0,0,90.0
100.9,0,0,0,1,-1,0,0,0,0,0,0,0,0,90.0
100.91,0,0,0,1,-1,0,0,0,0,0,0,0,0,90.0
100.92,0,0,0,1,-1,0,0,0,0,0,0,0,0,90.0
100.93,0,0,0,1,-1,0,0,0,0,0,0,0,0,90.0
100.94,0,0,0,1,-1,0,0,0,0,0,0,0,0,90.0
100.95,0,0,0,1,-1,0,0,0,0,0,0,0,0,90.0
100.96,0,0,0,1,-1,0,0,0,0,0,0,0,0,90.0
100.97,0,0,0,1,-1,0,0,0,0,0,0,0,0,90.0
100.98,0,0,0,1,-1,0,0,0,0,0,0,0,0,90.0
100.99,0,0,0,1,-1,0,0,0,0,0,0,0,0,90.0
101.0,0,0,0,1,-1,0,0,0,0,0,0,0,0,90.0
101.01,0,0,0,1,-1,0,0,0,0,0,0,0,0,90.0
101.02,0,0,0,1,-1,0,0,0,0,0,0,0,0,90.0
101.03,0,0,0,1,-1,0,0,0,0,0,0,0,0,90.0
101.04,0,0,0,1,-1,0,0,0,0,0,0,0,0,90.0
101.05,0,0,0,1,-1,0,0,0,0,0,0,0,0,90.0
101.06,0,0,0,1,-1,0,0,0,0,0,0,0,0,90.0
101.07,0,0,0,1,-1,0,0,0,0,0,0,0,0,90.0
101.08,0,0,0,1,-1,0,0,0,0,0,0,0,0,90.0
101.09,0,0,0,1,-1,0,0,0,0,0,0,0,0,90.0
101.1,0,0,0,1,-1,0,0,0,0,0,0,0,0,90.0
101.11,0,0,0,1,-1,0,0,0,0,0,0,0,0,90.0
101.12,0,0,0,1,-1,0,0,0,0,0,0,0,0,90.0
101.13,0,0,0,1,-1,0,0,0,0,0,0,0,0,90.0
101.14,0,0,0,1,-1,0,0,0,0,0,0,0,0,90.0
101.15,0,0,0,1,-1,0,0,0,0,0,0,0,0,90.0
101.16,0,0,0,1,-1,0,0,0,0,0,0,0,0,90.0
101.17,0,0,0,1,-1,0,0,0,0,0,0,0,0,90.0
101.18,0,0,0,1,-1,0,0,0,0,0,0,0,0,90.0
101.19,0,0,0,1,-1,0,0,0,0,0,0,0,0,90.0
101.2,0,0,0,1,-1,0,0,0,0,0,0,0,0,90.0
101.21,0,0,0,1,-1,0,0,0,0,0,0,0,0,90.0
101.22,0,0,0,1,-1,0,0,0,0,0,0,0,0,90.0
101.23,0,0,0,1,-1,0,0,0,0,0,0,0,0,90.0
101.24,0,0,0,1,-1,0,0,0,0,0,0,0,0,90.0
101.25,0,0,0,1,-1,0,0,0,0,0,0,0,0,90.0
101.26,0,0,0,1,-1,0,0,0,0,0,0,0,0,90.0
101.27,0,0,0,1,-1,0,0,0,0,0,0,0,0,90.0
101.28,0,0,0,1,-1,0,0,0,0,0,0,0,0,90.0
101.29,0,0,0,1,-1,0,0,0,0,0,0,0,0,90.0
101.3,0,0,0,1,-1,0,0,0,0,0,0,0,0,90.0
101.31,0,0,0,1,-1,0,0,0,0,0,0,0,0,90.0
101.32,0,0,0,1,-1,0,0,0,0,0,0,0,0,90.0
101.33,0,0,0,1,-1,0,0,0,0,0,0,0,0,90.0
101.34,0,0,0,1,-1,0,0,0,0,0,0,0,0,90.0
101.35,0,0,0,1,-1,0,0,0,0,0,0,0,0,90.0
101.36,0,0,0,1,-1,0,0,0,0,0,0,0,0,90.0
101.37,0,0,0,1,-1,0,0,0,0,0,0,0,0,90.0
101.38,0,0,0,1,-1,0,0,0,0,0,0,0,0,90.0
101.39,0,0,0,1,-1,0,0,0,0,0,0,0,0,90.0
101.4,0,0,0,1,-1,0,0,0,0,0,0,0,0,90.0
101.41,0,0,0,1,-1,0,0,0,0,0,0,0,0,90.0
101.42,0,0,0,1,-1,0,0,0,0,0,0,0,0,90.0
101.43,0,0,0,1,-1,0,0,0,0,0,0,0,0,90.0
101.44,0,0,0,1,-1,0,0,0,0,0,0,0,0,90.0
101.45,0,0,0,1,-1,0,0,0,0,0,0,0,0,90.0
101.46,0,0,0,1,-1,0,0,0,0,0,0,0,0,90.0
101.47,0,0,0,1,-1,0,0,0,0,0,0,0,0,90.0
101.48,0,0,0,1,-1,0,0,0,0,0,0,0,0,90.0
101.49,0,0,0,1,-1,0,0,0,0,0,0,0,0,90.0
101.5,0,0,0,1,-1,0,0,0,0,0,0,0,0,90.0
101.51,0,0,0,1,-1,0,0,0,0,0,0,0,0,90.0
101.52,0,0,0,1,-1,0,0,0,0,0,0,0,0,90.0
101.53,0,0,0,1,-1,0,0,0,0,0,0,0,0,90.0
101.54,0,0,0,1,-1,0,0,0,0,0,0,0,0,90.0
101.55,0,0,0,1,-1,0,0,0,0,0,0,0,0,90.0
101.56,0,0,0,1,-1,0,0,0,0,0,0,0,0,90.0
101.57,0,0,0,1,-1,0,0,0,0,0,0,0,0,90.0
101.58,0,0,0,1,-1,0,0,0,0,0,0,0,0,90.0
101.59,0,0,0,1,-1,0,0,0,0,0,0,0,0,90.0
101.6,0,0,0,1,-1,0,0,0,0,0,0,0,0,90.0
101.61,0,0,0,1,-1,0,0,0,0,0,0,0,0,90.0
101.62,0,0,0,1,-1,0,0,0,0,0,0,0,0,90.0
101.63,0,0,0,1,-1,0,0,0,0,0,0,0,0,90.0
101.64,0,0,0,1,-1,0,0,0,0,0,0,0,0,90.0
101.65,0,0,0,1,-1,0,0,0,0,0,0,0,0,90.0
101.66,0,0,0,1,-1,0,0,0,0,0,0,0,0,90.0
101.67,0,0,0,1,-1,0,0,0,0,0,0,0,0,90.0
101.68,0,0,0,1,-1,0,0,0,0,0,0,0,0,90.0
101.69,0,0,0,1,-1,0,0,0,0,0,0,0,0,90.0
101.7,0,0,0,1,-1,0,0,0,0,0,0,0,0,90.0
101.71,0,0,0,1,-1,0,0,0,0,0,0,0,0,90.0
101.72,0,0,0,1,-1,0,0,0,0,0,0,0,0,90.0
101.73,0,0,0,1,-1,0,0,0,0,0,0,0,0,90.0
101.74,0,0,0,1,-1,0,0,0,0,0,0,0,0,90.0
101.75,0,0,0,1,-1,0,0,0,0,0,0,0,0,90.0
101.76,0,0,0,1,-1,0,0,0,0,0,0,0,0,90.0
101.77,0,0,0,1,-1,0,0,0,0,0,0,0,0,90.0
101.78,0,0,0,1,-1,0,0,0,0,0,0,0,0,90.0
101.79,0,0,0,1,-1,0,0,0,0,0,0,0,0,90.0
101.8,0,0,0,1,-1,0,0,0,0,0,0,0,0,90.0
101.81,0,0,0,1,-1,0,0,0,0,0,0,0,0,90.0
101.82,0,0,0,1,-1,0,0,0,0,0,0,0,0,90.0
101.83,0,0,0,1,-1,0,0,0,0,0,0,0,0,90.0
101.84,0,0,0,1,-1,0,0,0,0,0,0,0,0,90.0
101.85,0,0,0,1,-1,0,0,0,0,0,0,0,0,90.0
101.86,0,0,0,1,-1,0,0,0,0,0,0,0,0,90.0
101.87,0,0,0,1,-1,0,0,0,0,0,0,0,0,90.0
101.88,0,0,0,1,-1,0,0,0,0,0,0,0,0,90.0
101.89,0,0,0,1,-1,0,0,0,0,0,0,0,0,90.0
101.9,0,0,0,1,-1,0,0,0,0,0,0,0,0,90.0
101.91,0,0,0,1,-1,0,0,0,0,0,0,0,0,90.0
101.92,0,0,0,1,-1,0,0,0,0,0,0,0,0,90.0
101.93,0,0,0,1,-1,0,0,0,0,0,0,0,0,90.0
101.94,0,0,0,1,-1,0,0,0,0,0,0,0,0,90.0
101.95,0,0,0,1,-1,0,0,0,0,0,0,0,0,90.0
101.96,0,0,0,1,-1,0,0,0,0,0,0,0,0,90.0
101.97,0,0,0,1,-1,0,0,0,0,0,0,0,0,90.0
101.98,0,0,0,1,-1,0,0,0,0,0,0,0,0,90.0
101.99,0,0,0,1,-1,0,0,0,0,0,0,0,0,90.0
