t,tracking,px,py,pz,qx,qy,qz,qw
100.0,normal,-1.0,0.0,2.5,0.0,0.0,0.0,1.0
100.016667,normal,-0.983333,0.0,2.5,0.0,0.0,0.0,1.0
100.033333,normal,-0.966667,0.0,2.5,0.0,0.0,0.0,1.0
100.05,normal,-0.95,0.0,2.5,0.0,0.0,0.0,1.0
100.066667,normal,-0.933333,0.0,2.5,0.0,0.0,0.0,1.0
100.083333,normal,-0.916667,0.0,2.5,0.0,0.0,0.0,1.0
100.1,normal,-0.9,0.0,2.5,0.0,0.0,0.0,1.0
100.116667,normal,-0.883333,0.0,2.5,0.0,0.0,0.0,1.0
100.133333,normal,-0.866667,0.0,2.5,0.0,0.0,0.0,1.0
100.15,normal,-0.85,0.0,2.5,0.0,0.0,0.0,1.0
100.166667,normal,-0.833333,0.0,2.5,0.0,0.0,0.0,1.0
100.183333,normal,-0.816667,0.0,2.5,0.0,0.0,0.0,1.0
100.2,normal,-0.8,0.0,2.5,0.0,0.0,0.0,1.0
100.216667,normal,-0.783333,0.0,2.5,0.0,0.0,0.0,1.0
100.233333,normal,-0.766667,0.0,2.5,0.0,0.0,0.0,1.0
100.25,normal,-0.75,0.0,2.5,0.0,0.0,0.0,1.0
100.266667,normal,-0.733333,0.0,2.5,0.0,0.0,0.0,1.0
100.283333,normal,-0.716667,0.0,2.5,0.0,0.0,0.0,1.0
100.3,normal,-0.7,0.0,2.5,0.0,0.0,0.0,1.0
100.316667,normal,-0.683333,0.0,2.5,0.0,0.0,0.0,1.0
100.333333,normal,-0.666667,0.0,2.5,0.0,0.0,0.0,1.0
100.35,normal,-0.65,0.0,2.5,0.0,0.0,0.0,1.0
100.366667,normal,-0.633333,0.0,2.5,0.0,0.0,0.0,1.0
100.383333,normal,-0.616667,0.0,2.5,0.0,0.0,0.0,1.0
100.4,normal,-0.6,0.0,2.5,0.0,0.0,0.0,1.0
100.416667,normal,-0.583333,0.0,2.5,0.0,0.0,0.0,1.0
100.433333,normal,-0.566667,0.0,2.5,0.0,0.0,0.0,1.0
100.45,normal,-0.55,0.0,2.5,0.0,0.0,0.0,1.0
100.466667,normal,-0.533333,0.0,2.5,0.0,0.0,0.0,1.0
100.483333,normal,-0.516667,0.0,2.5,0.0,0.0,0.0,1.0
100.5,normal,-0.5,0.0,2.5,0.0,0.0,0.0,1.0
100.516667,normal,-0.483333,0.0,2.5,0.0,0.0,0.0,1.0
100.533333,normal,-0.466667,0.0,2.5,0.0,0.0,0.0,1.0
100.55,normal,-0.45,0.0,2.5,0.0,0.0,0.0,1.0
100.566667,normal,-0.433333,0.0,2.5,0.0,0.0,0.0,1.0
100.583333,normal,-0.416667,0.0,2.5,0.0,0.0,0.0,1.0
100.6,normal,-0.4,0.0,2.5,0.0,0.0,0.0,1.0
100.616667,normal,-0.383333,0.0,2.5,0.0,0.0,0.0,1.0
100.633333,normal,-0.366667,0.0,2.5,0.0,0.0,0.0,1.0
100.65,normal,-0.35,0.0,2.5,0.0,0.0,0.0,1.0
100.666667,normal,-0.333333,0.0,2.5,0.0,0.0,0.0,1.0
100.683333,normal,-0.316667,0.0,2.5,0.0,0.0,0.0,1.0
100.7,normal,-0.3,0.0,2.5,0.0,0.0,0.0,1.0
100.716667,normal,-0.283333,0.0,2.5,0.0,0.0,0.0,1.0
100.733333,normal,-0.266667,0.0,2.5,0.0,0.0,0.0,1.0
100.75,normal,-0.25,0.0,2.5,0.0,0.0,0.0,1.0
100.766667,normal,-0.233333,0.0,2.5,0.0,0.0,0.0,1.0
100.783333,normal,-0.216667,0.0,2.5,0.0,0.0,0.0,1.0
100.8,normal,-0.2,0.0,2.5,0.0,0.0,0.0,1.0
100.816667,normal,-0.183333,0.0,2.5,0.0,0.0,0.0,1.0
100.833333,normal,-0.166667,0.0,2.5,0.0,0.0,0.0,1.0
100.85,normal,-0.15,0.0,2.5,0.0,0.0,0.0,1.0
100.866667,normal,-0.133333,0.0,2.5,0.0,0.0,0.0,1.0
100.883333,normal,-0.116667,0.0,2.5,0.0,0.0,0.0,1.0
100.9,normal,-0.1,0.0,2.5,0.0,0.0,0.0,1.0
100.916667,normal,-0.083333,0.0,2.5,0.0,0.0,0.0,1.0
100.933333,normal,-0.066667,0.0,2.5,0.0,0.0,0.0,1.0
100.95,normal,-0.05,0.0,2.5,0.0,0.0,0.0,1.0
100.966667,normal,-0.033333,0.0,2.5,0.0,0.0,0.0,1.0
100.983333,normal,-0.016667,0.0,2.5,0.0,0.0,0.0,1.0
101.0,normal,0.0,0.0,2.5,0.0,0.0,0.0,1.0
101.016667,normal,0.016667,0.0,2.5,0.0,0.0,0.0,1.0
101.033333,normal,0.033333,0.0,2.5,0.0,0.0,0.0,1.0
101.05,normal,0.05,0.0,2.5,0.0,0.0,0.0,1.0
101.066667,normal,0.066667,0.0,2.5,0.0,0.0,0.0,1.0
101.083333,normal,0.083333,0.0,2.5,0.0,0.0,0.0,1.0
101.1,normal,0.1,0.0,2.5,0.0,0.0,0.0,1.0
101.116667,normal,0.116667,0.0,2.5,0.0,0.0,0.0,1.0
101.133333,normal,0.133333,0.0,2.5,0.0,0.0,0.0,1.0
101.15,normal,0.15,0.0,2.5,0.0,0.0,0.0,1.0
101.166667,normal,0.166667,0.0,2.5,0.0,0.0,0.0,1.0
101.183333,normal,0.183333,0.0,2.5,0.0,0.0,0.0,1.0
101.2,normal,0.2,0.0,2.5,0.0,0.0,0.0,1.0
101.216667,normal,0.216667,0.0,2.5,0.0,0.0,0.0,1.0
101.233333,normal,0.233333,0.0,2.5,0.0,0.0,0.0,1.0
101.25,normal,0.25,0.0,2.5,0.0,0.0,0.0,1.0
101.266667,normal,0.266667,0.0,2.5,0.0,0.0,0.0,1.0
101.283333,normal,0.283333,0.0,2.5,0.0,0.0,0.0,1.0
101.3,normal,0.3,0.0,2.5,0.0,0.0,0.0,1.0
101.316667,normal,0.316667,0.0,2.5,0.0,0.0,0.0,1.0
101.333333,normal,0.333333,0.0,2.5,0.0,0.0,0.0,1.0
101.35,normal,0.35,0.0,2.5,0.0,0.0,0.0,1.0
101.366667,normal,0.366667,0.0,2.5,0.0,0.0,0.0,1.0
101.383333,normal,0.383333,0.0,2.5,0.0,0.0,0.0,1.0
101.4,normal,0.4,0.0,2.5,0.0,0.0,0.0,1.0
101.416667,normal,0.416667,0.0,2.5,0.0,0.0,0.0,1.0
101.433333,normal,0.433333,0.0,2.5,0.0,0.0,0.0,1.0
101.45,normal,0.45,0.0,2.5,0.0,0.0,0.0,1.0
101.466667,normal,0.466667,0.0,2.5,0.0,0.0,0.0,1.0
101.483333,normal,0.483333,0.0,2.5,0.0,0.0,0.0,1.0
101.5,normal,0.5,0.0,2.5,0.0,0.0,0.0,1.0
101.516667,normal,0.516667,0.0,2.5,0.0,0.0,0.0,1.0
101.533333,normal,0.533333,0.0,2.5,0.0,0.0,0.0,1.0
101.55,normal,0.55,0.0,2.5,0.0,0.0,0.0,1.0
101.566667,normal,0.566667,0.0,2.5,0.0,0.0,0.0,1.0
101.583333,normal,0.583333,0.0,2.5,0.0,0.0,0.0,1.0
101.6,normal,0.6,0.0,2.5,0.0,0.0,0.0,1.0
101.616667,normal,0.616667,0.0,2.5,0.0,0.0,0.0,1.0
101.633333,normal,0.633333,0.0,2.5,0.0,0.0,0.0,1.0
101.65,normal,0.65,0.0,2.5,0.0,0.0,0.0,1.0
101.666667,normal,0.666667,0.0,2.5,0.0,0.0,0.0,1.0
101.683333,normal,0.683333,0.0,2.5,0.0,0.0,0.0,1.0
101.7,normal,0.7,0.0,2.5,0.0,0.0,0.0,1.0
101.716667,normal,0.716667,0.0,2.5,0.0,0.0,0.0,1.0
101.733333,normal,0.733333,0.0,2.5,0.0,0.0,0.0,1.0
101.75,normal,0.75,0.0,2.5,0.0,0.0,0.0,1.0
101.766667,normal,0.766667,0.0,2.5,0.0,0.0,0.0,1.0
101.783333,normal,0.783333,0.0,2.5,0.0,0.0,0.0,1.0
101.8,normal,0.8,0.0,2.5,0.0,0.0,0.0,1.0
101.816667,normal,0.816667,0.0,2.5,0.0,0.0,0.0,1.0
101.833333,normal,0.833333,0.0,2.5,0.0,0.0,0.0,1.0
101.85,normal,0.85,0.0,2.5,0.0,0.0,0.0,1.0
101.866667,normal,0.866667,0.0,2.5,0.0,0.0,0.0,1.0
101.883333,normal,0.883333,0.0,2.5,0.0,0.0,0.0,1.0
101.9,normal,0.9,0.0,2.5,0.0,0.0,0.0,1.0
101.916667,normal,0.916667,0.0,2.5,0.0,0.0,0.0,1.0
101.933333,normal,0.933333,0.0,2.5,0.0,0.0,0.0,1.0
101.95,normal,0.95,0.0,2.5,0.0,0.0,0.0,1.0
101.966667,normal,0.966667,0.0,2.5,0.0,0.0,0.0,1.0
101.983333,normal,0.983333,0.0,2.5,0.0,0.0,0.0,1.0
102.0,normal,1.0,0.0,2.5,0.0,0.0,0.0,1.0
